>>> 18:54:11 Checking inputs...
>>> 18:54:11 WORKDIR:    /workspace/mnt/sqzhang26/zeva-work/cosmos-framework
>>> 18:54:11 TOML:       /workspace/mnt/sqzhang26/zeva-work/cosmos-framework/examples/toml/sft_config/action_policy_xhand_zeva.toml
>>> 18:54:11 checkpoint: /workspace/mnt/sqzhang26/zeva-work/models/cosmos3-nano
>>> 18:54:11 log:        /workspace/mnt/sqzhang26/zeva-work/cosmos-framework/outputs/train/logs/action_policy_xhand_zeva_sft.log
examples/_sft_launcher_common.sh: line 86: TAIL_OVERRIDES: unbound variable
W0921 18:54:13.054000 515676 site-packages/torch/distributed/run.py:852] 
W0921 18:54:13.054000 515676 site-packages/torch/distributed/run.py:852] *****************************************
W0921 18:54:13.054000 515676 site-packages/torch/distributed/run.py:852] Setting OMP_NUM_THREADS environment variable for each process to be 1 in default, to avoid your system being overloaded, please further tune the variable for optimal performance in your application as needed. 
W0921 18:54:13.054000 515676 site-packages/torch/distributed/run.py:852] *****************************************
2026-09-21 18:54:25.387 | DEBUG    | cosmos_framework.utils.config:_load_py_config:578 - get_config_module: took 2.79ms
2026-09-21 18:54:25.388 | DEBUG    | cosmos_framework.utils.config:_load_py_config:578 - get_config_module: took 2.94ms
2026-09-21 18:54:25.388 | DEBUG    | cosmos_framework.utils.config:_load_py_config:578 - get_config_module: took 3.29ms
2026-09-21 18:54:25.388 | DEBUG    | cosmos_framework.utils.config:_load_py_config:578 - get_config_module: took 2.81ms
2026-09-21 18:54:25.388 | DEBUG    | cosmos_framework.utils.config:_load_py_config:578 - get_config_module: took 3.79ms
2026-09-21 18:54:25.389 | DEBUG    | cosmos_framework.utils.config:_load_py_config:578 - get_config_module: took 3.54ms
2026-09-21 18:54:25.389 | DEBUG    | cosmos_framework.utils.config:_load_py_config:578 - get_config_module: took 3.88ms
2026-09-21 18:54:25.389 | DEBUG    | cosmos_framework.utils.config:_load_py_config:578 - get_config_module: took 3.45ms
2026-09-21 18:54:38.949 | DEBUG    | cosmos_framework.utils.config:_load_py_config:583 - importlib.import_module: took 13561.63ms
2026-09-21 18:54:38.962 | DEBUG    | cosmos_framework.utils.config:_load_py_config:583 - importlib.import_module: took 13573.97ms
2026-09-21 18:54:38.966 | DEBUG    | cosmos_framework.utils.config:_load_py_config:583 - importlib.import_module: took 13576.98ms
2026-09-21 18:54:38.983 | DEBUG    | cosmos_framework.utils.config:_load_py_config:583 - importlib.import_module: took 13595.64ms
2026-09-21 18:54:38.999 | DEBUG    | cosmos_framework.utils.config:_load_py_config:583 - importlib.import_module: took 13610.30ms
2026-09-21 18:54:39.003 | DEBUG    | cosmos_framework.utils.config:_load_py_config:583 - importlib.import_module: took 13613.41ms
2026-09-21 18:54:39.003 | DEBUG    | cosmos_framework.utils.config:_load_py_config:583 - importlib.import_module: took 13614.81ms
2026-09-21 18:54:39.003 | DEBUG    | cosmos_framework.utils.config:_load_py_config:583 - importlib.import_module: took 13615.12ms
2026-09-21 18:54:39.297 | DEBUG    | cosmos_framework.utils.config:_load_py_config:588 - override: took 347.56ms
2026-09-21 18:54:39.297 | DEBUG    | cosmos_framework.utils.config:load_config:567 - total time to load config: 14027.50ms
[09-21 18:54:39|INFO|cosmos_framework/utils/training_telemetry/telemetry.py:63:wrapper] Heimdall telemetry is disabled, if using Heimdall,consider setting ENABLE_TELEMETRY=true to enable it
2026-09-21 18:54:39.306 | DEBUG    | cosmos_framework.utils.config:_load_py_config:588 - override: took 343.53ms
2026-09-21 18:54:39.306 | DEBUG    | cosmos_framework.utils.config:load_config:567 - total time to load config: 14034.78ms
2026-09-21 18:54:39.310 | DEBUG    | cosmos_framework.utils.config:_load_py_config:588 - override: took 344.14ms
2026-09-21 18:54:39.310 | DEBUG    | cosmos_framework.utils.config:load_config:567 - total time to load config: 14040.72ms
2026-09-21 18:54:39.319 | DEBUG    | cosmos_framework.utils.config:_load_py_config:588 - override: took 335.57ms
2026-09-21 18:54:39.319 | DEBUG    | cosmos_framework.utils.config:load_config:567 - total time to load config: 14049.42ms
2026-09-21 18:54:39.338 | DEBUG    | cosmos_framework.utils.config:_load_py_config:588 - override: took 338.91ms
2026-09-21 18:54:39.338 | DEBUG    | cosmos_framework.utils.config:load_config:567 - total time to load config: 14068.26ms
2026-09-21 18:54:39.344 | DEBUG    | cosmos_framework.utils.config:_load_py_config:588 - override: took 341.60ms
2026-09-21 18:54:39.345 | DEBUG    | cosmos_framework.utils.config:load_config:567 - total time to load config: 14071.79ms
2026-09-21 18:54:39.345 | DEBUG    | cosmos_framework.utils.config:_load_py_config:588 - override: took 341.92ms
2026-09-21 18:54:39.345 | DEBUG    | cosmos_framework.utils.config:load_config:567 - total time to load config: 14075.41ms
2026-09-21 18:54:39.348 | DEBUG    | cosmos_framework.utils.config:_load_py_config:588 - override: took 344.40ms
2026-09-21 18:54:39.348 | DEBUG    | cosmos_framework.utils.config:load_config:567 - total time to load config: 14078.13ms
[09-21 18:54:40|CRITICAL|cosmos_framework/utils/distributed.py:60:init] [RANK 0] Initialized distributed training with local rank 0 using nccl with timeout 1800
[09-21 18:54:40|INFO|cosmos_framework/utils/distributed.py:72:init] Training with 8 GPUs.
[09-21 18:54:40|INFO|cosmos_framework/utils/timer.py:138:_log] Time spent on init_distributed: 1.01 s
[09-21 18:54:40|CRITICAL|cosmos_framework/utils/distributed.py:60:init] [RANK 1] Initialized distributed training with local rank 1 using nccl with timeout 1800
[09-21 18:54:40|CRITICAL|cosmos_framework/utils/distributed.py:60:init] [RANK 2] Initialized distributed training with local rank 2 using nccl with timeout 1800
[09-21 18:54:40|CRITICAL|cosmos_framework/utils/distributed.py:60:init] [RANK 6] Initialized distributed training with local rank 6 using nccl with timeout 1800
[09-21 18:54:40|CRITICAL|cosmos_framework/utils/distributed.py:60:init] [RANK 4] Initialized distributed training with local rank 4 using nccl with timeout 1800
[09-21 18:54:40|CRITICAL|cosmos_framework/utils/distributed.py:60:init] [RANK 5] Initialized distributed training with local rank 5 using nccl with timeout 1800
[09-21 18:54:40|CRITICAL|cosmos_framework/utils/distributed.py:60:init] [RANK 7] Initialized distributed training with local rank 7 using nccl with timeout 1800
[09-21 18:54:40|CRITICAL|cosmos_framework/utils/distributed.py:60:init] [RANK 3] Initialized distributed training with local rank 3 using nccl with timeout 1800
[09-21 18:54:41|INFO|cosmos_framework/utils/timer.py:138:_log] Time spent on init_distributed: 0.01 s
Config is saved using pickle at /workspace/mnt/sqzhang26/zeva-work/runs/zeva/zeva_xhand/action_policy_xhand_zeva/config.pkl.
Config is saved using omegaconf at /workspace/mnt/sqzhang26/zeva-work/runs/zeva/zeva_xhand/action_policy_xhand_zeva/config.yaml.
/workspace/mnt/sqzhang26/zeva-work/envs/zeva/lib/python3.13/site-packages/torch/distributed/c10d_logger.py:83: UserWarning: barrier(): using the device under current context. You can specify `device_id` in `init_process_group` to mute this warning.
  return func(*args, **kwargs)
[09-21 18:54:41|INFO|cosmos_framework/utils/misc.py:124:print_environ_variables] Environment variable HF_HOME: /workspace/mnt/sqzhang26/zeva-work/cache/huggingface
[09-21 18:54:41|INFO|cosmos_framework/utils/misc.py:124:print_environ_variables] Environment variable IMAGINAIRE_OUTPUT_ROOT: /workspace/mnt/sqzhang26/zeva-work/runs
[09-21 18:54:41|INFO|cosmos_framework/utils/misc.py:138:set_random_seed] Using random seed 42.
[09-21 18:54:41|CRITICAL|cosmos_framework/utils/callback.py:70:__init__] Instantiating callback iter_speed: {'hit_thres': 50, 'save_s3': False, 'save_s3_every_log_n': 500, 'every_n': 1, '_target_': <class 'cosmos_framework.callbacks.iter_speed.IterSpeed'>}
[09-21 18:54:41|CRITICAL|cosmos_framework/utils/callback.py:70:__init__] Instantiating callback manual_gc: {'warm_up': 1, 'gc_level': 1, 'every_n': 5, '_target_': <class 'cosmos_framework.callbacks.manual_gc.ManualGarbageCollection'>}
[09-21 18:54:41|CRITICAL|cosmos_framework/utils/callback.py:70:__init__] Instantiating callback wandb: {'config': None, 'trainer': None, '_target_': <class 'cosmos_framework.utils.callback.WandBCallback'>}
[09-21 18:54:41|CRITICAL|cosmos_framework/utils/callback.py:70:__init__] Instantiating callback wandb_2x: {'logging_iter_multipler': 2, 'save_logging_iter_multipler': 1, 'save_s3': False, '_target_': <class 'cosmos_framework.callbacks.wandb_log.WandbCallback'>}
[09-21 18:54:41|CRITICAL|cosmos_framework/utils/callback.py:70:__init__] Instantiating callback param_count: {'save_s3': False, '_target_': <class 'cosmos_framework.callbacks.param_count.ParamCount'>}
[09-21 18:54:41|CRITICAL|cosmos_framework/utils/callback.py:70:__init__] Instantiating callback wandb_val: {'save_s3': False, '_target_': <class 'cosmos_framework.callbacks.wandb_log_eval.WandbCallback'>}
[09-21 18:54:41|CRITICAL|cosmos_framework/utils/callback.py:70:__init__] Instantiating callback moe_stability: {'every_n': 250, '_target_': <class 'cosmos_framework.callbacks.moe_stability_callback.MoEStabilityCallback'>}
[09-21 18:54:41|CRITICAL|cosmos_framework/utils/callback.py:70:__init__] Instantiating callback moe_specialization: {'every_n': 250, '_target_': <class 'cosmos_framework.callbacks.moe_specialization_callback.MoESpecializationCallback'>}
[09-21 18:54:41|CRITICAL|cosmos_framework/utils/callback.py:70:__init__] Instantiating callback expert_heatmap: {'every_n': 1000, '_target_': <class 'cosmos_framework.callbacks.expert_heatmap.ExpertHeatmap'>}
[09-21 18:54:41|CRITICAL|cosmos_framework/utils/callback.py:70:__init__] Instantiating callback load_pretrained: {'config': None, 'trainer': None, '_target_': <class 'cosmos_framework.callbacks.load_pretrained.LoadPretrained'>}
[09-21 18:54:41|CRITICAL|cosmos_framework/utils/callback.py:70:__init__] Instantiating callback compile_tokenizer: {'enabled': True, 'compile_after_iterations': 3, 'warmup_resolutions': ['256'], 'backend': 'inductor', 'mode': 'reduce-overhead', 'fullgraph': False, 'dynamic': False, '_target_': <class 'cosmos_framework.callbacks.compile_tokenizer.CompileTokenizer'>}
[09-21 18:54:41|CRITICAL|cosmos_framework/utils/callback.py:70:__init__] Instantiating callback norm_monitor: {'every_n': 5000, 'step_size': 1, 'layer_norm_only': False, 'model_key': None, 'log_stat_wandb': True, 'save_s3': False, 'track_activations': True, '_target_': <class 'cosmos_framework.callbacks.norm_monitor.NormMonitor'>}
[09-21 18:54:41|CRITICAL|cosmos_framework/utils/callback.py:70:__init__] Instantiating callback sigma_loss_analysis: {'every_n': 5000, 'every_n_viz': 5000, 'save_s3': False, '_target_': <class 'cosmos_framework.callbacks.sigma_loss_analysis.SigmaLossAnalysis'>}
[09-21 18:54:41|CRITICAL|cosmos_framework/utils/callback.py:70:__init__] Instantiating callback sequence_packing_padding: {'every_n': 10, '_target_': <class 'cosmos_framework.callbacks.sequence_packing_padding.SequencePackingPadding'>}
[09-21 18:54:41|CRITICAL|cosmos_framework/utils/callback.py:70:__init__] Instantiating callback sampled_media: {'enabled': False, 'output_uri': '/workspace/mnt/sqzhang26/zeva-work/runs/zeva/zeva_xhand/action_policy_xhand_zeva/sampled_media.lance', 'creds_path': None, 'flush_every_n_batches': 100, '_target_': <class 'cosmos_framework.callbacks.sampled_media_recorder.SampledMediaRecorder'>}
[09-21 18:54:41|CRITICAL|cosmos_framework/utils/callback.py:70:__init__] Instantiating callback mfu: {'backwardpass_ratio': 2.0, 'hit_thres': 5, 'include_vae_encoder': True, 'include_padding': True, 'grad_accum_iter': 1, 'every_n': 10, '_target_': <class 'cosmos_framework.callbacks.mfu.MFUCallback'>}
[09-21 18:54:41|CRITICAL|cosmos_framework/utils/callback.py:70:__init__] Instantiating callback ofu: {'hit_thres': 5, 'every_n': 10, '_target_': <class 'cosmos_framework.callbacks.ofu.OFUCallback'>}
[09-21 18:54:41|CRITICAL|cosmos_framework/utils/callback.py:70:__init__] Instantiating callback skip_nan_step: {'max_consecutive_nan': 100, '_target_': <class 'cosmos_framework.callbacks.skip_nan_step.SkipNaNStep'>}
[09-21 18:54:41|CRITICAL|cosmos_framework/utils/callback.py:70:__init__] Instantiating callback grad_clip: {'clip_norm': 1.0, 'force_finite': True, 'track_per_modality': True, '_target_': <class 'cosmos_framework.callbacks.grad_clip.GradClip'>}
[09-21 18:54:41|CRITICAL|cosmos_framework/utils/callback.py:70:__init__] Instantiating callback low_precision: {'update_iter': 1, 'config': None, 'trainer': None, '_target_': <class 'cosmos_framework.utils.callback.LowPrecisionCallback'>}
[09-21 18:54:41|CRITICAL|cosmos_framework/utils/callback.py:70:__init__] Instantiating callback heart_beat: {'step_size': 1, 'update_interval_in_minute': 20, 'save_s3': False, 'every_n': 200, '_target_': <class 'cosmos_framework.callbacks.heart_beat.HeartBeat'>}
[09-21 18:54:41|CRITICAL|cosmos_framework/utils/callback.py:70:__init__] Instantiating callback device_monitor: {'every_n': 200, 'step_size': 1, 'save_s3': False, 'upload_every_n_mul': 5, 'log_memory_detail': True, '_target_': <class 'cosmos_framework.callbacks.device_monitor.DeviceMonitor'>}
[09-21 18:54:41|CRITICAL|cosmos_framework/utils/callback.py:70:__init__] Instantiating callback termination_signal_checkpoint: {'min_save_fraction': 0.3333333333333333, '_target_': <class 'cosmos_framework.callbacks.termination_signal_checkpoint.TerminationSignalCheckpoint'>}
[09-21 18:54:41|CRITICAL|cosmos_framework/utils/callback.py:66:__init__] Callback dataloader_speed is missing the '_target_' field. 
 SKip {'every_n': 100, 'save_s3': False, 'step_size': 1}
[09-21 18:54:41|CRITICAL|cosmos_framework/utils/callback.py:66:__init__] Callback training_stats is missing the '_target_' field. 
 SKip {'log_freq': 100}
[09-21 18:54:41|WARNING|cosmos_framework/utils/launch.py:86:log_reproducible_setup] S3 credentials not found. Skipping easy_io S3 setup.
[09-21 18:54:41|WARNING|cosmos_framework/utils/launch.py:88:log_reproducible_setup] Job path: zeva/zeva_xhand/action_policy_xhand_zeva
[09-21 18:54:41|CRITICAL|cosmos_framework/utils/launch.py:93:log_reproducible_setup] Job local path: /workspace/mnt/sqzhang26/zeva-work/runs/zeva/zeva_xhand/action_policy_xhand_zeva
[09-21 18:54:41|INFO|cosmos_framework/model/generator/omni_mot_model.py:102:__init__] OmniMoTModel: config {'tokenizer': {'bucket_name': '', 'object_store_credential_path_pretrained': '', 'vae_path': '/workspace/mnt/sqzhang26/zeva-work/models/Wan2.2-TI2V-5B/Wan2.2_VAE.pth', 'chunk_duration': 93, 'keep_decoder_cache': False, 'use_streaming_encode': False, 'encode_chunk_frames': {'256': 68, '480': 24, '720': 8, '768': 8}, 'encode_exact_durations': [33], 'spatial_compression_factor': 16, 'temporal_compression_factor': 4, 'temporal_window': None, 'encode_bucket_multiple': None, 'causal': True, '_target_': <class 'cosmos_framework.model.generator.tokenizers.wan2pt2_vae_4x16x16.Wan2pt2VAEInterface'>}, 'load_vision_tokenizer': True, 'net': None, 'ema': {'enabled': True, 'rate': 0.1, 'iteration_shift': 0}, 'parallelism': {'data_parallel_shard_degree': 8, 'data_parallel_replicate_degree': 1, 'context_parallel_shard_degree': 1, 'attention_io_layout': 'sequence_sharded', 'cfg_parallel_shard_degree': 1, 'enable_inference_mode': False, 'fsdp_master_dtype': 'float32'}, 'compile': {'enabled': True, 'compiled_region': 'language', 'compile_dynamic': True, 'use_cuda_graphs': False, 'ar_post_saturation_mode': 'default', 'max_autotune_pointwise': False, 'coordinate_descent_tuning': False}, 'activation_checkpointing': {'mode': 'full', 'save_ops_regex': ['fmha'], 'preserve_rng_state': True, 'determinism_check': 'default'}, 'precision': 'bfloat16', 'lora_enabled': False, 'lora_rank': 16, 'lora_alpha': 32, 'lora_target_modules': 'q_proj_moe_gen,k_proj_moe_gen,v_proj_moe_gen,o_proj_moe_gen', 'lora_teacher_anchor_weight': 0.0, 'lora_teacher_anchor_data_key': 'teacher_anchor_weight', 'residual_expert': {}, 'r3_event_weighted': False, 'r3_event_weight': 2.0, 'r3_task_weight_key': 'r3_task_weight', 'r3_event_weight_key': 'residual_release_event', 'rectified_flow_training_config': {'shift': {'256': 3, '480': 5, '720': 10}, 'use_dynamic_shift': False, 'train_time_image_distribution': 'logitnormal', 'train_time_video_distribution': 'waver', 'train_time_action_distribution': 'logitnormal', 'train_time_sound_distribution': 'logitnormal', 'train_time_weight': 'uniform', 'loss_scale': 10.0, 'image_loss_scale': 1.0, 'sound_loss_scale': None, 'use_discrete_rf': False, 'action_loss_weight': 10.0, 'independent_action_schedule': False, 'shift_action': None, 'independent_sound_schedule': False, 'shift_sound': None, 'normalize_loss_by_active': False, 'sample_level_loss_averaging': False}, 'rectified_flow_inference_config': {'scheduler_type': 'unipc', 'num_train_timesteps': 1000, 'shift': 1, 'use_dynamic_shifting': False}, 'behavior_stage2': {'enabled': True, 'global_dim': 256, 'phase_dim': 128, 'effect_dim': 128, 'effect_history_length': 4, 'action_dim': 18, 'horizon': 32, 'num_anchors': 8, 'hidden_dim': 256, 'num_heads': 4, 'prior_loss_weight': 0.01, 'prior_dropout_rate': 0.4, 'prior_inference_guidance_scale': 0.5, 'global_prefix_tokens': 1, 'leading_condition_steps': 0, 'online_memory_enabled': False, 'online_context_dim': 256, 'online_prefix_tokens': 1, 'pim_memory_enabled': False, 'pim_persistent_length': 4, 'pim_context_dim': 256, 'pim_gate_init': 0.0, 'pim_force_bypass': False}, 'proprio_condition': {'enabled': False, 'input_dim': 16, 'prefix_tokens': 1}, 'fixed_step_sampler_config': None, 'vlm_config': {'model_name': 'Qwen/Qwen3-VL-8B-Instruct', 'safetensors_path': '', 'pretrained_weights': {'enabled': False, 'backbone_path': 's3://bucket0/cosmos3/pretrained/huggingface/Qwen/Qwen3-VL-8B-Instruct/', 'credentials_path': '', 'enable_gcs_patch_in_boto3': True, 'checkpoint_format': None}, 'model_instance': {'config': {'base_config': {'json_file': 'cosmos_framework/model/generator/reasoner/qwen3_vl/configs/Qwen3-VL-8B-Instruct.json', '_target_': <bound method _MoTConfigBase.from_json_file of <class 'cosmos_framework.model.generator.mot.unified_mot.Qwen3VLMoTConfig'>>}, 'freeze_und': False, 'layer_module': 'MoTDecoderLayer', 'qk_norm_for_text': True, 'tie_word_embeddings': True, '_target_': <function create_vlm_config at 0x7f0d40396980>}, '_target_': <class 'cosmos_framework.model.generator.mot.unified_mot.Qwen3VLTextForCausalLM'>}, 'tokenizer': {'config_variant': 'hf', 'pretrained_model_name': 'Qwen/Qwen3-VL-8B-Instruct', '_target_': <function create_qwen2_tokenizer_with_download at 0x7f0e26000360>}, 'layer_module': 'Qwen2MoTDecoderLayer', 'qk_norm': False, 'tie_word_embeddings': False, 'use_system_prompt': False}, 'diffusion_expert_config': {'timestep_range': 1.0, 'load_weights_from_pretrained': True, 'patch_spatial': 2, 'max_vae_latent_side_after_patchify': 20, 'enable_fps_modulation': True, 'base_fps': 24, 'sound_base_temporal_compression_factor': None, 'vision_temporal_position_mode': 'latent_index', 'unified_3d_mrope_reset_spatial_ids': True, 'unified_3d_mrope_temporal_modality_margin': 15000}, 'input_video_key': 'video', 'input_image_key': 'images', 'input_caption_key': 'ai_caption', 'state_ch': 48, 'state_t': 300, 'latent_downsample_factor': 16, 'resolution': '720', 'max_num_tokens_after_packing': -1, 'joint_attn_implementation': 'two_way', 'natten_parameter_list': None, 'video_temporal_causal': False, 'causal_training_strategy': 'none', 'lbl': {'method': 'local', 'coeff_und': None, 'coeff_gen': None}, 'vision_gen': True, 'action_gen': True, 'max_action_dim': 64, 'num_embodiment_domains': 32, 'sound_gen': False, 'sound_tokenizer': None, 'sound_dim': None, 'sound_latent_fps': 25, 'enable_input_bias': True, 'log_enc_time_every_n': 100, 'exclude_reasoner_weights_from_checkpoint': False}
[09-21 18:54:41|WARNING|cosmos_framework/model/generator/omni_mot_model.py:128:set_precision] OmniMoTModel: precision torch.bfloat16
'(ReadTimeoutError("HTTPSConnectionPool(host='hf-mirror.com', port=443): Read timed out. (read timeout=10)"), '(Request ID: 4f8d6a3e-55cd-444b-8314-e2e1e776647f)')' thrown while requesting HEAD https://hf-mirror.com/Qwen/Qwen3-VL-8B-Instruct/resolve/main/tokenizer_config.json
Retrying in 1s [Retry 1/5].
[09-21 18:54:59|INFO|cosmos_framework/model/generator/tokenizers/wan2pt2_vae_4x16x16.py:1032:_video_vae] loading /workspace/mnt/sqzhang26/zeva-work/models/Wan2.2-TI2V-5B/Wan2.2_VAE.pth
[09-21 18:54:59|INFO|cosmos_framework/utils/distributed.py:407:sync_model_states] Synchronizing model states from rank 0 to all ranks in process group [0, 1, 2, 3, 4, 5, 6, 7].
'(ReadTimeoutError("HTTPSConnectionPool(host='hf-mirror.com', port=443): Read timed out. (read timeout=10)"), '(Request ID: 6bf87124-5879-4831-802e-8bb08b4c4496)')' thrown while requesting HEAD https://hf-mirror.com/api/resolve-cache/models/Qwen/Qwen3-VL-8B-Instruct/0c351dd01ed87e9c1b53cbc748cba10e6187ff3b/tokenizer_config.json
Retrying in 1s [Retry 1/5].
[09-21 18:55:53|INFO|cosmos_framework/utils/timer.py:138:_log] Time spent on OmniMoTModel: set_up_tokenizers: 71.71 s
[09-21 18:55:53|INFO|cosmos_framework/utils/generator/parallelism.py:117:_validate] dp_replicate is set to -1, will be automatically determined based on world_size 8 // dp_shard 8.
[09-21 18:55:53|INFO|cosmos_framework/utils/generator/parallelism.py:122:_validate] dp_replicate is set to 1.
[09-21 18:55:53|INFO|cosmos_framework/utils/generator/parallelism.py:147:_build_mesh] Building 2-D device mesh with ['dp_replicate', 'dp_shard'], [1, 8]
[rank1]:W0921 18:55:54.253000 515822 site-packages/torch/distributed/tensor/_random.py:215] DTensor is synchronizing RNG states of every rank with the state from rank 0. This behavior is deprecated. Please call `torch.manual_seed()` on every rank that participates in SPMD DTensor Operations with the same seed. If using Pipeline Parallelism, each pipeling state would use a different seed, but all ranks belonging to one pipeline stage would use the same seed.
[rank2]:W0921 18:55:54.253000 515823 site-packages/torch/distributed/tensor/_random.py:215] DTensor is synchronizing RNG states of every rank with the state from rank 0. This behavior is deprecated. Please call `torch.manual_seed()` on every rank that participates in SPMD DTensor Operations with the same seed. If using Pipeline Parallelism, each pipeling state would use a different seed, but all ranks belonging to one pipeline stage would use the same seed.
[rank4]:W0921 18:55:54.266000 515825 site-packages/torch/distributed/tensor/_random.py:215] DTensor is synchronizing RNG states of every rank with the state from rank 0. This behavior is deprecated. Please call `torch.manual_seed()` on every rank that participates in SPMD DTensor Operations with the same seed. If using Pipeline Parallelism, each pipeling state would use a different seed, but all ranks belonging to one pipeline stage would use the same seed.
[rank5]:W0921 18:55:54.266000 515826 site-packages/torch/distributed/tensor/_random.py:215] DTensor is synchronizing RNG states of every rank with the state from rank 0. This behavior is deprecated. Please call `torch.manual_seed()` on every rank that participates in SPMD DTensor Operations with the same seed. If using Pipeline Parallelism, each pipeling state would use a different seed, but all ranks belonging to one pipeline stage would use the same seed.
[rank7]:W0921 18:55:54.266000 515828 site-packages/torch/distributed/tensor/_random.py:215] DTensor is synchronizing RNG states of every rank with the state from rank 0. This behavior is deprecated. Please call `torch.manual_seed()` on every rank that participates in SPMD DTensor Operations with the same seed. If using Pipeline Parallelism, each pipeling state would use a different seed, but all ranks belonging to one pipeline stage would use the same seed.
[rank3]:W0921 18:55:54.266000 515824 site-packages/torch/distributed/tensor/_random.py:215] DTensor is synchronizing RNG states of every rank with the state from rank 0. This behavior is deprecated. Please call `torch.manual_seed()` on every rank that participates in SPMD DTensor Operations with the same seed. If using Pipeline Parallelism, each pipeling state would use a different seed, but all ranks belonging to one pipeline stage would use the same seed.
[rank6]:W0921 18:55:54.266000 515827 site-packages/torch/distributed/tensor/_random.py:215] DTensor is synchronizing RNG states of every rank with the state from rank 0. This behavior is deprecated. Please call `torch.manual_seed()` on every rank that participates in SPMD DTensor Operations with the same seed. If using Pipeline Parallelism, each pipeling state would use a different seed, but all ranks belonging to one pipeline stage would use the same seed.
[09-21 18:55:54|INFO|cosmos_framework/utils/timer.py:138:_log] Time spent on meta to cuda and broadcast model states: 0.45 s
[09-21 18:55:55|INFO|cosmos_framework/utils/timer.py:138:_log] Time spent on meta to cuda and broadcast model states: 0.42 s
[09-21 18:55:55|INFO|cosmos_framework/utils/timer.py:138:_log] Time spent on Creating PyTorch model and ema if enabled: 2.02 s
[09-21 18:55:55|INFO|cosmos_framework/utils/timer.py:138:_log] Time spent on OmniMoTModel: set_up_model: 2.02 s
[09-21 18:55:55|INFO|cosmos_framework/utils/timer.py:138:_log] Time spent on init_model: 73.73 s
[09-21 18:55:55|INFO|cosmos_framework/data/generator/joint_dataloader.py:949:__init__] [RANK 0] RankPartitionedDataLoader: world_size: 8 and rank: 0
[09-21 18:55:55|INFO|cosmos_framework/data/generator/joint_dataloader.py:1004:__init__] [RANK 0] RankPartitionedDataLoader allocation (8 GPUs):
  xhand (ratio 1): ranks 0-7 (8 GPUs) | expected 100.00%, actual 100.00%
[09-21 18:55:55|INFO|cosmos_framework/data/generator/joint_dataloader.py:949:__init__] [RANK 1] RankPartitionedDataLoader: world_size: 8 and rank: 1
[09-21 18:55:55|INFO|cosmos_framework/data/generator/joint_dataloader.py:1004:__init__] [RANK 1] RankPartitionedDataLoader allocation (8 GPUs):
  xhand (ratio 1): ranks 0-7 (8 GPUs) | expected 100.00%, actual 100.00%
[09-21 18:55:55|INFO|cosmos_framework/data/generator/joint_dataloader.py:949:__init__] [RANK 2] RankPartitionedDataLoader: world_size: 8 and rank: 2
[09-21 18:55:55|INFO|cosmos_framework/data/generator/joint_dataloader.py:1004:__init__] [RANK 2] RankPartitionedDataLoader allocation (8 GPUs):
  xhand (ratio 1): ranks 0-7 (8 GPUs) | expected 100.00%, actual 100.00%
[09-21 18:55:55|INFO|cosmos_framework/data/generator/joint_dataloader.py:949:__init__] [RANK 7] RankPartitionedDataLoader: world_size: 8 and rank: 7
[09-21 18:55:55|INFO|cosmos_framework/data/generator/joint_dataloader.py:1004:__init__] [RANK 7] RankPartitionedDataLoader allocation (8 GPUs):
  xhand (ratio 1): ranks 0-7 (8 GPUs) | expected 100.00%, actual 100.00%
[09-21 18:55:55|INFO|cosmos_framework/data/generator/joint_dataloader.py:949:__init__] [RANK 4] RankPartitionedDataLoader: world_size: 8 and rank: 4
[09-21 18:55:55|INFO|cosmos_framework/data/generator/joint_dataloader.py:1004:__init__] [RANK 4] RankPartitionedDataLoader allocation (8 GPUs):
  xhand (ratio 1): ranks 0-7 (8 GPUs) | expected 100.00%, actual 100.00%
[09-21 18:55:55|INFO|cosmos_framework/data/generator/joint_dataloader.py:949:__init__] [RANK 3] RankPartitionedDataLoader: world_size: 8 and rank: 3
[09-21 18:55:55|INFO|cosmos_framework/data/generator/joint_dataloader.py:1004:__init__] [RANK 3] RankPartitionedDataLoader allocation (8 GPUs):
  xhand (ratio 1): ranks 0-7 (8 GPUs) | expected 100.00%, actual 100.00%
[09-21 18:55:55|INFO|cosmos_framework/data/generator/joint_dataloader.py:949:__init__] [RANK 6] RankPartitionedDataLoader: world_size: 8 and rank: 6
[09-21 18:55:55|INFO|cosmos_framework/data/generator/joint_dataloader.py:1004:__init__] [RANK 6] RankPartitionedDataLoader allocation (8 GPUs):
  xhand (ratio 1): ranks 0-7 (8 GPUs) | expected 100.00%, actual 100.00%
[09-21 18:55:55|INFO|cosmos_framework/data/generator/joint_dataloader.py:949:__init__] [RANK 5] RankPartitionedDataLoader: world_size: 8 and rank: 5
[09-21 18:55:55|INFO|cosmos_framework/data/generator/joint_dataloader.py:1004:__init__] [RANK 5] RankPartitionedDataLoader allocation (8 GPUs):
  xhand (ratio 1): ranks 0-7 (8 GPUs) | expected 100.00%, actual 100.00%
[09-21 18:56:03|INFO|cosmos_framework/data/generator/joint_dataloader.py:378:__init__] JointDataLoader: 1 streams
  action_xhand: ratio=1 (100.0%)
'(ReadTimeoutError("HTTPSConnectionPool(host='hf-mirror.com', port=443): Read timed out. (read timeout=10)"), '(Request ID: 7b89fef2-3484-4a2c-8fdf-54134d9c38ad)')' thrown while requesting HEAD https://hf-mirror.com/api/resolve-cache/models/Qwen/Qwen3-VL-8B-Instruct/0c351dd01ed87e9c1b53cbc748cba10e6187ff3b/tokenizer_config.json
Retrying in 1s [Retry 1/5].
[09-21 18:56:22|INFO|cosmos_framework/data/generator/joint_dataloader.py:482:_prewarm_dataloaders] [RANK 4] Pre-warm: dataloader 'action_xhand' ready — 16 samples buffered in 21.4s
[09-21 18:56:24|INFO|cosmos_framework/data/generator/joint_dataloader.py:482:_prewarm_dataloaders] [RANK 0] Pre-warm: dataloader 'action_xhand' ready — 16 samples buffered in 20.7s
[09-21 18:56:24|INFO|cosmos_framework/data/generator/joint_dataloader.py:489:_prewarm_dataloaders] Pre-warm: waiting at barrier for all ranks …
[09-21 18:56:24|INFO|cosmos_framework/data/generator/joint_dataloader.py:482:_prewarm_dataloaders] [RANK 7] Pre-warm: dataloader 'action_xhand' ready — 16 samples buffered in 22.0s
[09-21 18:56:24|INFO|cosmos_framework/data/generator/joint_dataloader.py:482:_prewarm_dataloaders] [RANK 6] Pre-warm: dataloader 'action_xhand' ready — 16 samples buffered in 21.8s
[09-21 18:56:24|INFO|cosmos_framework/data/generator/joint_dataloader.py:482:_prewarm_dataloaders] [RANK 5] Pre-warm: dataloader 'action_xhand' ready — 16 samples buffered in 22.0s
[09-21 18:56:25|INFO|cosmos_framework/data/generator/joint_dataloader.py:482:_prewarm_dataloaders] [RANK 3] Pre-warm: dataloader 'action_xhand' ready — 16 samples buffered in 21.0s
[09-21 18:56:26|INFO|cosmos_framework/data/generator/joint_dataloader.py:482:_prewarm_dataloaders] [RANK 1] Pre-warm: dataloader 'action_xhand' ready — 16 samples buffered in 20.9s
[09-21 18:56:35|INFO|cosmos_framework/data/generator/joint_dataloader.py:482:_prewarm_dataloaders] [RANK 2] Pre-warm: dataloader 'action_xhand' ready — 16 samples buffered in 19.1s
[09-21 18:56:35|INFO|cosmos_framework/data/generator/joint_dataloader.py:491:_prewarm_dataloaders] Pre-warm: all ranks ready
[09-21 18:56:35|INFO|cosmos_framework/utils/timer.py:138:_log] Time spent on init_data_loader: 39.74 s
[09-21 18:56:35|INFO|cosmos_framework/utils/generator/optimizer.py:206:_build_params_with_metadata] Total tensors: 846, trainable tensors: 846, selected tensors: 37
[09-21 18:56:35|INFO|cosmos_framework/utils/generator/optimizer.py:392:__init__] Building optimizer for mesh 'dp_replicate-dp_shard'
[09-21 18:56:35|INFO|cosmos_framework/utils/generator/optimizer.py:248:_build_optimizer_internal] Param group (lr=0.001, WD=True): 37 tensors, 2,748,160 elements
[09-21 18:56:35|INFO|cosmos_framework/utils/generator/fused_adam.py:81:__init__] FusedAdam master_weights: True capturable: True
[09-21 18:56:35|INFO|cosmos_framework/utils/generator/optimizer.py:400:__init__] Created 1 optimizers
[09-21 18:56:35|INFO|cosmos_framework/utils/generator/optimizer.py:579:__init__] Created 1 schedulers
[09-21 18:56:35|CRITICAL|cosmos_framework/checkpoint/dcp.py:797:load] Resuming ckpt /workspace/mnt/sqzhang26/zeva-work/runs/zeva/action_xhand/v1-20260921/checkpoints/iter_000004000 with keys: ['model']
[09-21 18:56:35|CRITICAL|cosmos_framework/checkpoint/dcp.py:809:load] Start loading checkpoint from /workspace/mnt/sqzhang26/zeva-work/runs/zeva/action_xhand/v1-20260921/checkpoints/iter_000004000/model
[09-21 18:56:35|INFO|cosmos_framework/checkpoint/dcp.py:358:__init__] Skipping loading of keys that match the following patterns: ['net_ema.', 'behavior_pbd', 'behavior_adapter', 'behavior_global_projector']
[09-21 18:56:35|INFO|cosmos_framework/checkpoint/dcp.py:835:load] - Loading the model...
/workspace/mnt/sqzhang26/zeva-work/envs/zeva/lib/python3.13/site-packages/torch/distributed/checkpoint/utils.py:483: UserWarning: torch.distributed is disabled, unavailable or uninitialized, assuming the intent is to load in a single process.
  return func(*args, **kwargs)
/workspace/mnt/sqzhang26/zeva-work/envs/zeva/lib/python3.13/site-packages/torch/distributed/checkpoint/utils.py:483: UserWarning: torch.distributed is disabled, unavailable or uninitialized, assuming the intent is to load in a single process.
  return func(*args, **kwargs)
/workspace/mnt/sqzhang26/zeva-work/envs/zeva/lib/python3.13/site-packages/torch/distributed/checkpoint/utils.py:483: UserWarning: torch.distributed is disabled, unavailable or uninitialized, assuming the intent is to load in a single process.
  return func(*args, **kwargs)
/workspace/mnt/sqzhang26/zeva-work/envs/zeva/lib/python3.13/site-packages/torch/distributed/checkpoint/utils.py:483: UserWarning: torch.distributed is disabled, unavailable or uninitialized, assuming the intent is to load in a single process.
  return func(*args, **kwargs)
/workspace/mnt/sqzhang26/zeva-work/envs/zeva/lib/python3.13/site-packages/torch/distributed/checkpoint/utils.py:483: UserWarning: torch.distributed is disabled, unavailable or uninitialized, assuming the intent is to load in a single process.
  return func(*args, **kwargs)
/workspace/mnt/sqzhang26/zeva-work/envs/zeva/lib/python3.13/site-packages/torch/distributed/checkpoint/utils.py:483: UserWarning: torch.distributed is disabled, unavailable or uninitialized, assuming the intent is to load in a single process.
  return func(*args, **kwargs)
/workspace/mnt/sqzhang26/zeva-work/envs/zeva/lib/python3.13/site-packages/torch/distributed/checkpoint/utils.py:483: UserWarning: torch.distributed is disabled, unavailable or uninitialized, assuming the intent is to load in a single process.
  return func(*args, **kwargs)
/workspace/mnt/sqzhang26/zeva-work/envs/zeva/lib/python3.13/site-packages/torch/distributed/checkpoint/utils.py:483: UserWarning: torch.distributed is disabled, unavailable or uninitialized, assuming the intent is to load in a single process.
  return func(*args, **kwargs)
[09-21 18:56:36|WARNING|cosmos_framework/checkpoint/dcp.py:430:_skip_keys_if_found] Skipping loading of key: net.behavior_adapter.prior_to_action_embedding.bias
[09-21 18:56:36|WARNING|cosmos_framework/checkpoint/dcp.py:430:_skip_keys_if_found] Skipping loading of key: net.behavior_adapter.prior_to_action_embedding.weight
[09-21 18:56:36|WARNING|cosmos_framework/checkpoint/dcp.py:430:_skip_keys_if_found] Skipping loading of key: net.behavior_global_projector.bias
[09-21 18:56:36|WARNING|cosmos_framework/checkpoint/dcp.py:430:_skip_keys_if_found] Skipping loading of key: net.behavior_global_projector.weight
[09-21 18:56:36|WARNING|cosmos_framework/checkpoint/dcp.py:430:_skip_keys_if_found] Skipping loading of key: net.behavior_pbd.anchor_position
[09-21 18:56:36|WARNING|cosmos_framework/checkpoint/dcp.py:430:_skip_keys_if_found] Skipping loading of key: net.behavior_pbd.bos_effect
[09-21 18:56:36|WARNING|cosmos_framework/checkpoint/dcp.py:430:_skip_keys_if_found] Skipping loading of key: net.behavior_pbd.context_norm.bias
[09-21 18:56:36|WARNING|cosmos_framework/checkpoint/dcp.py:430:_skip_keys_if_found] Skipping loading of key: net.behavior_pbd.context_norm.weight
[09-21 18:56:36|WARNING|cosmos_framework/checkpoint/dcp.py:430:_skip_keys_if_found] Skipping loading of key: net.behavior_pbd.distribution_head.0.bias
[09-21 18:56:36|WARNING|cosmos_framework/checkpoint/dcp.py:430:_skip_keys_if_found] Skipping loading of key: net.behavior_pbd.distribution_head.0.weight
[09-21 18:56:36|WARNING|cosmos_framework/checkpoint/dcp.py:430:_skip_keys_if_found] Skipping loading of key: net.behavior_pbd.distribution_head.2.bias
[09-21 18:56:36|WARNING|cosmos_framework/checkpoint/dcp.py:430:_skip_keys_if_found] Skipping loading of key: net.behavior_pbd.distribution_head.2.weight
[09-21 18:56:36|WARNING|cosmos_framework/checkpoint/dcp.py:430:_skip_keys_if_found] Skipping loading of key: net.behavior_pbd.effect_attention.in_proj_bias
[09-21 18:56:36|WARNING|cosmos_framework/checkpoint/dcp.py:430:_skip_keys_if_found] Skipping loading of key: net.behavior_pbd.effect_attention.in_proj_weight
[09-21 18:56:36|WARNING|cosmos_framework/checkpoint/dcp.py:430:_skip_keys_if_found] Skipping loading of key: net.behavior_pbd.effect_attention.out_proj.bias
[09-21 18:56:36|WARNING|cosmos_framework/checkpoint/dcp.py:430:_skip_keys_if_found] Skipping loading of key: net.behavior_pbd.effect_attention.out_proj.weight
[09-21 18:56:36|WARNING|cosmos_framework/checkpoint/dcp.py:430:_skip_keys_if_found] Skipping loading of key: net.behavior_pbd.effect_gate.0.bias
[09-21 18:56:36|WARNING|cosmos_framework/checkpoint/dcp.py:430:_skip_keys_if_found] Skipping loading of key: net.behavior_pbd.effect_gate.0.weight
[09-21 18:56:36|WARNING|cosmos_framework/checkpoint/dcp.py:430:_skip_keys_if_found] Skipping loading of key: net.behavior_pbd.effect_gate.1.bias
[09-21 18:56:36|WARNING|cosmos_framework/checkpoint/dcp.py:430:_skip_keys_if_found] Skipping loading of key: net.behavior_pbd.effect_gate.1.weight
[09-21 18:56:36|WARNING|cosmos_framework/checkpoint/dcp.py:430:_skip_keys_if_found] Skipping loading of key: net.behavior_pbd.effect_norm.bias
[09-21 18:56:36|WARNING|cosmos_framework/checkpoint/dcp.py:430:_skip_keys_if_found] Skipping loading of key: net.behavior_pbd.effect_norm.weight
[09-21 18:56:36|WARNING|cosmos_framework/checkpoint/dcp.py:430:_skip_keys_if_found] Skipping loading of key: net.behavior_pbd.effect_position
[09-21 18:56:36|WARNING|cosmos_framework/checkpoint/dcp.py:430:_skip_keys_if_found] Skipping loading of key: net.behavior_pbd.effect_project.0.bias
[09-21 18:56:36|WARNING|cosmos_framework/checkpoint/dcp.py:430:_skip_keys_if_found] Skipping loading of key: net.behavior_pbd.effect_project.0.weight
[09-21 18:56:36|WARNING|cosmos_framework/checkpoint/dcp.py:430:_skip_keys_if_found] Skipping loading of key: net.behavior_pbd.effect_project.1.bias
[09-21 18:56:36|WARNING|cosmos_framework/checkpoint/dcp.py:430:_skip_keys_if_found] Skipping loading of key: net.behavior_pbd.effect_project.1.weight
[09-21 18:56:36|WARNING|cosmos_framework/checkpoint/dcp.py:430:_skip_keys_if_found] Skipping loading of key: net.behavior_pbd.global_to_anchors.bias
[09-21 18:56:36|WARNING|cosmos_framework/checkpoint/dcp.py:430:_skip_keys_if_found] Skipping loading of key: net.behavior_pbd.global_to_anchors.weight
[09-21 18:56:36|WARNING|cosmos_framework/checkpoint/dcp.py:430:_skip_keys_if_found] Skipping loading of key: net.behavior_pbd.phase_query.0.bias
[09-21 18:56:36|WARNING|cosmos_framework/checkpoint/dcp.py:430:_skip_keys_if_found] Skipping loading of key: net.behavior_pbd.phase_query.0.weight
[09-21 18:56:36|WARNING|cosmos_framework/checkpoint/dcp.py:430:_skip_keys_if_found] Skipping loading of key: net.behavior_pbd.phase_query.1.bias
[09-21 18:56:36|WARNING|cosmos_framework/checkpoint/dcp.py:430:_skip_keys_if_found] Skipping loading of key: net.behavior_pbd.phase_query.1.weight
[09-21 18:56:36|WARNING|cosmos_framework/checkpoint/dcp.py:430:_skip_keys_if_found] Skipping loading of key: net.behavior_pbd.progress_attention.in_proj_bias
[09-21 18:56:36|WARNING|cosmos_framework/checkpoint/dcp.py:430:_skip_keys_if_found] Skipping loading of key: net.behavior_pbd.progress_attention.in_proj_weight
[09-21 18:56:36|WARNING|cosmos_framework/checkpoint/dcp.py:430:_skip_keys_if_found] Skipping loading of key: net.behavior_pbd.progress_attention.out_proj.bias
[09-21 18:56:36|WARNING|cosmos_framework/checkpoint/dcp.py:430:_skip_keys_if_found] Skipping loading of key: net.behavior_pbd.progress_attention.out_proj.weight
[09-21 18:56:36|WARNING|cosmos_framework/checkpoint/dcp.py:430:_skip_keys_if_found] Skipping loading of key: net_ema.action2llm.bias.weight
[09-21 18:56:36|WARNING|cosmos_framework/checkpoint/dcp.py:430:_skip_keys_if_found] Skipping loading of key: net_ema.action2llm.fc.weight
[09-21 18:56:36|WARNING|cosmos_framework/checkpoint/dcp.py:430:_skip_keys_if_found] Skipping loading of key: net_ema.action_modality_embed
[09-21 18:56:36|WARNING|cosmos_framework/checkpoint/dcp.py:430:_skip_keys_if_found] Skipping loading of key: net_ema.behavior_adapter.prior_to_action_embedding.bias
[09-21 18:56:36|INFO|cosmos_framework/checkpoint/dcp.py:433:_skip_keys_if_found] [RANK 5] [DCP-LOAD-SKIP-KEYS] kept_keys=809 dropped_keys=883
[09-21 18:56:36|WARNING|cosmos_framework/checkpoint/dcp.py:430:_skip_keys_if_found] Skipping loading of key: net_ema.behavior_adapter.prior_to_action_embedding.weight
[09-21 18:56:36|WARNING|cosmos_framework/checkpoint/dcp.py:430:_skip_keys_if_found] Skipping loading of key: net_ema.behavior_global_projector.bias
[09-21 18:56:36|WARNING|cosmos_framework/checkpoint/dcp.py:430:_skip_keys_if_found] Skipping loading of key: net_ema.behavior_global_projector.weight
[09-21 18:56:36|WARNING|cosmos_framework/checkpoint/dcp.py:430:_skip_keys_if_found] Skipping loading of key: net_ema.behavior_pbd.anchor_position
[09-21 18:56:36|WARNING|cosmos_framework/checkpoint/dcp.py:430:_skip_keys_if_found] Skipping loading of key: net_ema.behavior_pbd.bos_effect
[09-21 18:56:36|WARNING|cosmos_framework/checkpoint/dcp.py:430:_skip_keys_if_found] Skipping loading of key: net_ema.behavior_pbd.context_norm.bias
[09-21 18:56:36|WARNING|cosmos_framework/checkpoint/dcp.py:430:_skip_keys_if_found] Skipping loading of key: net_ema.behavior_pbd.context_norm.weight
[09-21 18:56:36|WARNING|cosmos_framework/checkpoint/dcp.py:430:_skip_keys_if_found] Skipping loading of key: net_ema.behavior_pbd.distribution_head.0.bias
[09-21 18:56:36|WARNING|cosmos_framework/checkpoint/dcp.py:430:_skip_keys_if_found] Skipping loading of key: net_ema.behavior_pbd.distribution_head.0.weight
[09-21 18:56:36|WARNING|cosmos_framework/checkpoint/dcp.py:430:_skip_keys_if_found] Skipping loading of key: net_ema.behavior_pbd.distribution_head.2.bias
[09-21 18:56:36|WARNING|cosmos_framework/checkpoint/dcp.py:430:_skip_keys_if_found] Skipping loading of key: net_ema.behavior_pbd.distribution_head.2.weight
[09-21 18:56:36|WARNING|cosmos_framework/checkpoint/dcp.py:430:_skip_keys_if_found] Skipping loading of key: net_ema.behavior_pbd.effect_attention.in_proj_bias
[09-21 18:56:36|WARNING|cosmos_framework/checkpoint/dcp.py:430:_skip_keys_if_found] Skipping loading of key: net_ema.behavior_pbd.effect_attention.in_proj_weight
[09-21 18:56:36|WARNING|cosmos_framework/checkpoint/dcp.py:430:_skip_keys_if_found] Skipping loading of key: net_ema.behavior_pbd.effect_attention.out_proj.bias
[09-21 18:56:36|WARNING|cosmos_framework/checkpoint/dcp.py:430:_skip_keys_if_found] Skipping loading of key: net_ema.behavior_pbd.effect_attention.out_proj.weight
[09-21 18:56:36|WARNING|cosmos_framework/checkpoint/dcp.py:430:_skip_keys_if_found] Skipping loading of key: net_ema.behavior_pbd.effect_gate.0.bias
[09-21 18:56:36|WARNING|cosmos_framework/checkpoint/dcp.py:430:_skip_keys_if_found] Skipping loading of key: net_ema.behavior_pbd.effect_gate.0.weight
[09-21 18:56:36|WARNING|cosmos_framework/checkpoint/dcp.py:430:_skip_keys_if_found] Skipping loading of key: net_ema.behavior_pbd.effect_gate.1.bias
[09-21 18:56:36|WARNING|cosmos_framework/checkpoint/dcp.py:430:_skip_keys_if_found] Skipping loading of key: net_ema.behavior_pbd.effect_gate.1.weight
[09-21 18:56:36|WARNING|cosmos_framework/checkpoint/dcp.py:430:_skip_keys_if_found] Skipping loading of key: net_ema.behavior_pbd.effect_norm.bias
[09-21 18:56:36|WARNING|cosmos_framework/checkpoint/dcp.py:430:_skip_keys_if_found] Skipping loading of key: net_ema.behavior_pbd.effect_norm.weight
[09-21 18:56:36|WARNING|cosmos_framework/checkpoint/dcp.py:430:_skip_keys_if_found] Skipping loading of key: net_ema.behavior_pbd.effect_position
[09-21 18:56:36|WARNING|cosmos_framework/checkpoint/dcp.py:430:_skip_keys_if_found] Skipping loading of key: net_ema.behavior_pbd.effect_project.0.bias
[09-21 18:56:36|WARNING|cosmos_framework/checkpoint/dcp.py:430:_skip_keys_if_found] Skipping loading of key: net_ema.behavior_pbd.effect_project.0.weight
[09-21 18:56:36|WARNING|cosmos_framework/checkpoint/dcp.py:430:_skip_keys_if_found] Skipping loading of key: net_ema.behavior_pbd.effect_project.1.bias
[09-21 18:56:36|WARNING|cosmos_framework/checkpoint/dcp.py:430:_skip_keys_if_found] Skipping loading of key: net_ema.behavior_pbd.effect_project.1.weight
[09-21 18:56:36|WARNING|cosmos_framework/checkpoint/dcp.py:430:_skip_keys_if_found] Skipping loading of key: net_ema.behavior_pbd.global_to_anchors.bias
[09-21 18:56:36|WARNING|cosmos_framework/checkpoint/dcp.py:430:_skip_keys_if_found] Skipping loading of key: net_ema.behavior_pbd.global_to_anchors.weight
[09-21 18:56:36|WARNING|cosmos_framework/checkpoint/dcp.py:430:_skip_keys_if_found] Skipping loading of key: net_ema.behavior_pbd.phase_query.0.bias
[09-21 18:56:36|WARNING|cosmos_framework/checkpoint/dcp.py:430:_skip_keys_if_found] Skipping loading of key: net_ema.behavior_pbd.phase_query.0.weight
[09-21 18:56:36|WARNING|cosmos_framework/checkpoint/dcp.py:430:_skip_keys_if_found] Skipping loading of key: net_ema.behavior_pbd.phase_query.1.bias
[09-21 18:56:36|WARNING|cosmos_framework/checkpoint/dcp.py:430:_skip_keys_if_found] Skipping loading of key: net_ema.behavior_pbd.phase_query.1.weight
[09-21 18:56:36|WARNING|cosmos_framework/checkpoint/dcp.py:430:_skip_keys_if_found] Skipping loading of key: net_ema.behavior_pbd.progress_attention.in_proj_bias
[09-21 18:56:36|WARNING|cosmos_framework/checkpoint/dcp.py:430:_skip_keys_if_found] Skipping loading of key: net_ema.behavior_pbd.progress_attention.in_proj_weight
[09-21 18:56:36|WARNING|cosmos_framework/checkpoint/dcp.py:430:_skip_keys_if_found] Skipping loading of key: net_ema.behavior_pbd.progress_attention.out_proj.bias
[09-21 18:56:36|WARNING|cosmos_framework/checkpoint/dcp.py:430:_skip_keys_if_found] Skipping loading of key: net_ema.behavior_pbd.progress_attention.out_proj.weight
[09-21 18:56:36|WARNING|cosmos_framework/checkpoint/dcp.py:430:_skip_keys_if_found] Skipping loading of key: net_ema.language_model.lm_head.weight
[09-21 18:56:36|WARNING|cosmos_framework/checkpoint/dcp.py:430:_skip_keys_if_found] Skipping loading of key: net_ema.language_model.model.embed_tokens.weight
[09-21 18:56:36|WARNING|cosmos_framework/checkpoint/dcp.py:430:_skip_keys_if_found] Skipping loading of key: net_ema.language_model.model.layers.0.input_layernorm.weight
[09-21 18:56:36|WARNING|cosmos_framework/checkpoint/dcp.py:430:_skip_keys_if_found] Skipping loading of key: net_ema.language_model.model.layers.0.input_layernorm_moe_gen.weight
[09-21 18:56:36|WARNING|cosmos_framework/checkpoint/dcp.py:430:_skip_keys_if_found] Skipping loading of key: net_ema.language_model.model.layers.0.mlp.down_proj.weight
[09-21 18:56:36|WARNING|cosmos_framework/checkpoint/dcp.py:430:_skip_keys_if_found] Skipping loading of key: net_ema.language_model.model.layers.0.mlp.gate_proj.weight
[09-21 18:56:36|WARNING|cosmos_framework/checkpoint/dcp.py:430:_skip_keys_if_found] Skipping loading of key: net_ema.language_model.model.layers.0.mlp.up_proj.weight
[09-21 18:56:36|WARNING|cosmos_framework/checkpoint/dcp.py:430:_skip_keys_if_found] Skipping loading of key: net_ema.language_model.model.layers.0.mlp_moe_gen.down_proj.weight
[09-21 18:56:36|WARNING|cosmos_framework/checkpoint/dcp.py:430:_skip_keys_if_found] Skipping loading of key: net_ema.language_model.model.layers.0.mlp_moe_gen.gate_proj.weight
[09-21 18:56:36|WARNING|cosmos_framework/checkpoint/dcp.py:430:_skip_keys_if_found] Skipping loading of key: net_ema.language_model.model.layers.0.mlp_moe_gen.up_proj.weight
[09-21 18:56:36|WARNING|cosmos_framework/checkpoint/dcp.py:430:_skip_keys_if_found] Skipping loading of key: net_ema.language_model.model.layers.0.post_attention_layernorm.weight
[09-21 18:56:36|WARNING|cosmos_framework/checkpoint/dcp.py:430:_skip_keys_if_found] Skipping loading of key: net_ema.language_model.model.layers.0.post_attention_layernorm_moe_gen.weight
[09-21 18:56:36|WARNING|cosmos_framework/checkpoint/dcp.py:430:_skip_keys_if_found] Skipping loading of key: net_ema.language_model.model.layers.0.self_attn.k_norm.weight
[09-21 18:56:36|WARNING|cosmos_framework/checkpoint/dcp.py:430:_skip_keys_if_found] Skipping loading of key: net_ema.language_model.model.layers.0.self_attn.k_norm_moe_gen.weight
[09-21 18:56:36|WARNING|cosmos_framework/checkpoint/dcp.py:430:_skip_keys_if_found] Skipping loading of key: net_ema.language_model.model.layers.0.self_attn.k_proj.weight
[09-21 18:56:36|WARNING|cosmos_framework/checkpoint/dcp.py:430:_skip_keys_if_found] Skipping loading of key: net_ema.language_model.model.layers.0.self_attn.k_proj_moe_gen.weight
[09-21 18:56:36|WARNING|cosmos_framework/checkpoint/dcp.py:430:_skip_keys_if_found] Skipping loading of key: net_ema.language_model.model.layers.0.self_attn.o_proj.weight
[09-21 18:56:36|WARNING|cosmos_framework/checkpoint/dcp.py:430:_skip_keys_if_found] Skipping loading of key: net_ema.language_model.model.layers.0.self_attn.o_proj_moe_gen.weight
[09-21 18:56:36|WARNING|cosmos_framework/checkpoint/dcp.py:430:_skip_keys_if_found] Skipping loading of key: net_ema.language_model.model.layers.0.self_attn.q_norm.weight
[09-21 18:56:36|WARNING|cosmos_framework/checkpoint/dcp.py:430:_skip_keys_if_found] Skipping loading of key: net_ema.language_model.model.layers.0.self_attn.q_norm_moe_gen.weight
[09-21 18:56:36|WARNING|cosmos_framework/checkpoint/dcp.py:430:_skip_keys_if_found] Skipping loading of key: net_ema.language_model.model.layers.0.self_attn.q_proj.weight
[09-21 18:56:36|WARNING|cosmos_framework/checkpoint/dcp.py:430:_skip_keys_if_found] Skipping loading of key: net_ema.language_model.model.layers.0.self_attn.q_proj_moe_gen.weight
[09-21 18:56:36|WARNING|cosmos_framework/checkpoint/dcp.py:430:_skip_keys_if_found] Skipping loading of key: net_ema.language_model.model.layers.0.self_attn.v_proj.weight
[09-21 18:56:36|WARNING|cosmos_framework/checkpoint/dcp.py:430:_skip_keys_if_found] Skipping loading of key: net_ema.language_model.model.layers.0.self_attn.v_proj_moe_gen.weight
[09-21 18:56:36|WARNING|cosmos_framework/checkpoint/dcp.py:430:_skip_keys_if_found] Skipping loading of key: net_ema.language_model.model.layers.1.input_layernorm.weight
[09-21 18:56:36|WARNING|cosmos_framework/checkpoint/dcp.py:430:_skip_keys_if_found] Skipping loading of key: net_ema.language_model.model.layers.1.input_layernorm_moe_gen.weight
[09-21 18:56:36|WARNING|cosmos_framework/checkpoint/dcp.py:430:_skip_keys_if_found] Skipping loading of key: net_ema.language_model.model.layers.1.mlp.down_proj.weight
[09-21 18:56:36|WARNING|cosmos_framework/checkpoint/dcp.py:430:_skip_keys_if_found] Skipping loading of key: net_ema.language_model.model.layers.1.mlp.gate_proj.weight
[09-21 18:56:36|WARNING|cosmos_framework/checkpoint/dcp.py:430:_skip_keys_if_found] Skipping loading of key: net_ema.language_model.model.layers.1.mlp.up_proj.weight
[09-21 18:56:36|WARNING|cosmos_framework/checkpoint/dcp.py:430:_skip_keys_if_found] Skipping loading of key: net_ema.language_model.model.layers.1.mlp_moe_gen.down_proj.weight
[09-21 18:56:36|WARNING|cosmos_framework/checkpoint/dcp.py:430:_skip_keys_if_found] Skipping loading of key: net_ema.language_model.model.layers.1.mlp_moe_gen.gate_proj.weight
[09-21 18:56:36|WARNING|cosmos_framework/checkpoint/dcp.py:430:_skip_keys_if_found] Skipping loading of key: net_ema.language_model.model.layers.1.mlp_moe_gen.up_proj.weight
[09-21 18:56:36|WARNING|cosmos_framework/checkpoint/dcp.py:430:_skip_keys_if_found] Skipping loading of key: net_ema.language_model.model.layers.1.post_attention_layernorm.weight
[09-21 18:56:36|WARNING|cosmos_framework/checkpoint/dcp.py:430:_skip_keys_if_found] Skipping loading of key: net_ema.language_model.model.layers.1.post_attention_layernorm_moe_gen.weight
[09-21 18:56:36|WARNING|cosmos_framework/checkpoint/dcp.py:430:_skip_keys_if_found] Skipping loading of key: net_ema.language_model.model.layers.1.self_attn.k_norm.weight
[09-21 18:56:36|WARNING|cosmos_framework/checkpoint/dcp.py:430:_skip_keys_if_found] Skipping loading of key: net_ema.language_model.model.layers.1.self_attn.k_norm_moe_gen.weight
[09-21 18:56:36|WARNING|cosmos_framework/checkpoint/dcp.py:430:_skip_keys_if_found] Skipping loading of key: net_ema.language_model.model.layers.1.self_attn.k_proj.weight
[09-21 18:56:36|WARNING|cosmos_framework/checkpoint/dcp.py:430:_skip_keys_if_found] Skipping loading of key: net_ema.language_model.model.layers.1.self_attn.k_proj_moe_gen.weight
[09-21 18:56:36|WARNING|cosmos_framework/checkpoint/dcp.py:430:_skip_keys_if_found] Skipping loading of key: net_ema.language_model.model.layers.1.self_attn.o_proj.weight
[09-21 18:56:36|WARNING|cosmos_framework/checkpoint/dcp.py:430:_skip_keys_if_found] Skipping loading of key: net_ema.language_model.model.layers.1.self_attn.o_proj_moe_gen.weight
[09-21 18:56:36|WARNING|cosmos_framework/checkpoint/dcp.py:430:_skip_keys_if_found] Skipping loading of key: net_ema.language_model.model.layers.1.self_attn.q_norm.weight
[09-21 18:56:36|WARNING|cosmos_framework/checkpoint/dcp.py:430:_skip_keys_if_found] Skipping loading of key: net_ema.language_model.model.layers.1.self_attn.q_norm_moe_gen.weight
[09-21 18:56:36|WARNING|cosmos_framework/checkpoint/dcp.py:430:_skip_keys_if_found] Skipping loading of key: net_ema.language_model.model.layers.1.self_attn.q_proj.weight
[09-21 18:56:36|WARNING|cosmos_framework/checkpoint/dcp.py:430:_skip_keys_if_found] Skipping loading of key: net_ema.language_model.model.layers.1.self_attn.q_proj_moe_gen.weight
[09-21 18:56:36|WARNING|cosmos_framework/checkpoint/dcp.py:430:_skip_keys_if_found] Skipping loading of key: net_ema.language_model.model.layers.1.self_attn.v_proj.weight
[09-21 18:56:36|WARNING|cosmos_framework/checkpoint/dcp.py:430:_skip_keys_if_found] Skipping loading of key: net_ema.language_model.model.layers.1.self_attn.v_proj_moe_gen.weight
[09-21 18:56:36|WARNING|cosmos_framework/checkpoint/dcp.py:430:_skip_keys_if_found] Skipping loading of key: net_ema.language_model.model.layers.10.input_layernorm.weight
[09-21 18:56:36|WARNING|cosmos_framework/checkpoint/dcp.py:430:_skip_keys_if_found] Skipping loading of key: net_ema.language_model.model.layers.10.input_layernorm_moe_gen.weight
[09-21 18:56:36|WARNING|cosmos_framework/checkpoint/dcp.py:430:_skip_keys_if_found] Skipping loading of key: net_ema.language_model.model.layers.10.mlp.down_proj.weight
[09-21 18:56:36|WARNING|cosmos_framework/checkpoint/dcp.py:430:_skip_keys_if_found] Skipping loading of key: net_ema.language_model.model.layers.10.mlp.gate_proj.weight
[09-21 18:56:36|WARNING|cosmos_framework/checkpoint/dcp.py:430:_skip_keys_if_found] Skipping loading of key: net_ema.language_model.model.layers.10.mlp.up_proj.weight
[09-21 18:56:36|WARNING|cosmos_framework/checkpoint/dcp.py:430:_skip_keys_if_found] Skipping loading of key: net_ema.language_model.model.layers.10.mlp_moe_gen.down_proj.weight
[09-21 18:56:36|WARNING|cosmos_framework/checkpoint/dcp.py:430:_skip_keys_if_found] Skipping loading of key: net_ema.language_model.model.layers.10.mlp_moe_gen.gate_proj.weight
[09-21 18:56:36|WARNING|cosmos_framework/checkpoint/dcp.py:430:_skip_keys_if_found] Skipping loading of key: net_ema.language_model.model.layers.10.mlp_moe_gen.up_proj.weight
[09-21 18:56:36|WARNING|cosmos_framework/checkpoint/dcp.py:430:_skip_keys_if_found] Skipping loading of key: net_ema.language_model.model.layers.10.post_attention_layernorm.weight
[09-21 18:56:36|WARNING|cosmos_framework/checkpoint/dcp.py:430:_skip_keys_if_found] Skipping loading of key: net_ema.language_model.model.layers.10.post_attention_layernorm_moe_gen.weight
[09-21 18:56:36|WARNING|cosmos_framework/checkpoint/dcp.py:430:_skip_keys_if_found] Skipping loading of key: net_ema.language_model.model.layers.10.self_attn.k_norm.weight
[09-21 18:56:36|WARNING|cosmos_framework/checkpoint/dcp.py:430:_skip_keys_if_found] Skipping loading of key: net_ema.language_model.model.layers.10.self_attn.k_norm_moe_gen.weight
[09-21 18:56:36|WARNING|cosmos_framework/checkpoint/dcp.py:430:_skip_keys_if_found] Skipping loading of key: net_ema.language_model.model.layers.10.self_attn.k_proj.weight
[09-21 18:56:36|WARNING|cosmos_framework/checkpoint/dcp.py:430:_skip_keys_if_found] Skipping loading of key: net_ema.language_model.model.layers.10.self_attn.k_proj_moe_gen.weight
[09-21 18:56:36|WARNING|cosmos_framework/checkpoint/dcp.py:430:_skip_keys_if_found] Skipping loading of key: net_ema.language_model.model.layers.10.self_attn.o_proj.weight
[09-21 18:56:36|WARNING|cosmos_framework/checkpoint/dcp.py:430:_skip_keys_if_found] Skipping loading of key: net_ema.language_model.model.layers.10.self_attn.o_proj_moe_gen.weight
[09-21 18:56:36|WARNING|cosmos_framework/checkpoint/dcp.py:430:_skip_keys_if_found] Skipping loading of key: net_ema.language_model.model.layers.10.self_attn.q_norm.weight
[09-21 18:56:36|WARNING|cosmos_framework/checkpoint/dcp.py:430:_skip_keys_if_found] Skipping loading of key: net_ema.language_model.model.layers.10.self_attn.q_norm_moe_gen.weight
[09-21 18:56:36|WARNING|cosmos_framework/checkpoint/dcp.py:430:_skip_keys_if_found] Skipping loading of key: net_ema.language_model.model.layers.10.self_attn.q_proj.weight
[09-21 18:56:36|WARNING|cosmos_framework/checkpoint/dcp.py:430:_skip_keys_if_found] Skipping loading of key: net_ema.language_model.model.layers.10.self_attn.q_proj_moe_gen.weight
[09-21 18:56:36|INFO|cosmos_framework/checkpoint/dcp.py:433:_skip_keys_if_found] [RANK 4] [DCP-LOAD-SKIP-KEYS] kept_keys=809 dropped_keys=883
[09-21 18:56:36|WARNING|cosmos_framework/checkpoint/dcp.py:430:_skip_keys_if_found] Skipping loading of key: net_ema.language_model.model.layers.10.self_attn.v_proj.weight
[09-21 18:56:36|WARNING|cosmos_framework/checkpoint/dcp.py:430:_skip_keys_if_found] Skipping loading of key: net_ema.language_model.model.layers.10.self_attn.v_proj_moe_gen.weight
[09-21 18:56:36|WARNING|cosmos_framework/checkpoint/dcp.py:430:_skip_keys_if_found] Skipping loading of key: net_ema.language_model.model.layers.11.input_layernorm.weight
[09-21 18:56:36|WARNING|cosmos_framework/checkpoint/dcp.py:430:_skip_keys_if_found] Skipping loading of key: net_ema.language_model.model.layers.11.input_layernorm_moe_gen.weight
[09-21 18:56:36|WARNING|cosmos_framework/checkpoint/dcp.py:430:_skip_keys_if_found] Skipping loading of key: net_ema.language_model.model.layers.11.mlp.down_proj.weight
[09-21 18:56:36|WARNING|cosmos_framework/checkpoint/dcp.py:430:_skip_keys_if_found] Skipping loading of key: net_ema.language_model.model.layers.11.mlp.gate_proj.weight
[09-21 18:56:36|WARNING|cosmos_framework/checkpoint/dcp.py:430:_skip_keys_if_found] Skipping loading of key: net_ema.language_model.model.layers.11.mlp.up_proj.weight
[09-21 18:56:36|WARNING|cosmos_framework/checkpoint/dcp.py:430:_skip_keys_if_found] Skipping loading of key: net_ema.language_model.model.layers.11.mlp_moe_gen.down_proj.weight
[09-21 18:56:36|WARNING|cosmos_framework/checkpoint/dcp.py:430:_skip_keys_if_found] Skipping loading of key: net_ema.language_model.model.layers.11.mlp_moe_gen.gate_proj.weight
[09-21 18:56:36|WARNING|cosmos_framework/checkpoint/dcp.py:430:_skip_keys_if_found] Skipping loading of key: net_ema.language_model.model.layers.11.mlp_moe_gen.up_proj.weight
[09-21 18:56:36|WARNING|cosmos_framework/checkpoint/dcp.py:430:_skip_keys_if_found] Skipping loading of key: net_ema.language_model.model.layers.11.post_attention_layernorm.weight
[09-21 18:56:36|WARNING|cosmos_framework/checkpoint/dcp.py:430:_skip_keys_if_found] Skipping loading of key: net_ema.language_model.model.layers.11.post_attention_layernorm_moe_gen.weight
[09-21 18:56:36|WARNING|cosmos_framework/checkpoint/dcp.py:430:_skip_keys_if_found] Skipping loading of key: net_ema.language_model.model.layers.11.self_attn.k_norm.weight
[09-21 18:56:36|WARNING|cosmos_framework/checkpoint/dcp.py:430:_skip_keys_if_found] Skipping loading of key: net_ema.language_model.model.layers.11.self_attn.k_norm_moe_gen.weight
[09-21 18:56:36|WARNING|cosmos_framework/checkpoint/dcp.py:430:_skip_keys_if_found] Skipping loading of key: net_ema.language_model.model.layers.11.self_attn.k_proj.weight
[09-21 18:56:36|WARNING|cosmos_framework/checkpoint/dcp.py:430:_skip_keys_if_found] Skipping loading of key: net_ema.language_model.model.layers.11.self_attn.k_proj_moe_gen.weight
[09-21 18:56:36|WARNING|cosmos_framework/checkpoint/dcp.py:430:_skip_keys_if_found] Skipping loading of key: net_ema.language_model.model.layers.11.self_attn.o_proj.weight
[09-21 18:56:36|WARNING|cosmos_framework/checkpoint/dcp.py:430:_skip_keys_if_found] Skipping loading of key: net_ema.language_model.model.layers.11.self_attn.o_proj_moe_gen.weight
[09-21 18:56:36|WARNING|cosmos_framework/checkpoint/dcp.py:430:_skip_keys_if_found] Skipping loading of key: net_ema.language_model.model.layers.11.self_attn.q_norm.weight
[09-21 18:56:36|WARNING|cosmos_framework/checkpoint/dcp.py:430:_skip_keys_if_found] Skipping loading of key: net_ema.language_model.model.layers.11.self_attn.q_norm_moe_gen.weight
[09-21 18:56:36|WARNING|cosmos_framework/checkpoint/dcp.py:430:_skip_keys_if_found] Skipping loading of key: net_ema.language_model.model.layers.11.self_attn.q_proj.weight
[09-21 18:56:36|WARNING|cosmos_framework/checkpoint/dcp.py:430:_skip_keys_if_found] Skipping loading of key: net_ema.language_model.model.layers.11.self_attn.q_proj_moe_gen.weight
[09-21 18:56:36|WARNING|cosmos_framework/checkpoint/dcp.py:430:_skip_keys_if_found] Skipping loading of key: net_ema.language_model.model.layers.11.self_attn.v_proj.weight
[09-21 18:56:36|WARNING|cosmos_framework/checkpoint/dcp.py:430:_skip_keys_if_found] Skipping loading of key: net_ema.language_model.model.layers.11.self_attn.v_proj_moe_gen.weight
[09-21 18:56:36|WARNING|cosmos_framework/checkpoint/dcp.py:430:_skip_keys_if_found] Skipping loading of key: net_ema.language_model.model.layers.12.input_layernorm.weight
[09-21 18:56:36|WARNING|cosmos_framework/checkpoint/dcp.py:430:_skip_keys_if_found] Skipping loading of key: net_ema.language_model.model.layers.12.input_layernorm_moe_gen.weight
[09-21 18:56:36|WARNING|cosmos_framework/checkpoint/dcp.py:430:_skip_keys_if_found] Skipping loading of key: net_ema.language_model.model.layers.12.mlp.down_proj.weight
[09-21 18:56:36|WARNING|cosmos_framework/checkpoint/dcp.py:430:_skip_keys_if_found] Skipping loading of key: net_ema.language_model.model.layers.12.mlp.gate_proj.weight
[09-21 18:56:36|WARNING|cosmos_framework/checkpoint/dcp.py:430:_skip_keys_if_found] Skipping loading of key: net_ema.language_model.model.layers.12.mlp.up_proj.weight
[09-21 18:56:36|WARNING|cosmos_framework/checkpoint/dcp.py:430:_skip_keys_if_found] Skipping loading of key: net_ema.language_model.model.layers.12.mlp_moe_gen.down_proj.weight
[09-21 18:56:36|WARNING|cosmos_framework/checkpoint/dcp.py:430:_skip_keys_if_found] Skipping loading of key: net_ema.language_model.model.layers.12.mlp_moe_gen.gate_proj.weight
[09-21 18:56:36|WARNING|cosmos_framework/checkpoint/dcp.py:430:_skip_keys_if_found] Skipping loading of key: net_ema.language_model.model.layers.12.mlp_moe_gen.up_proj.weight
[09-21 18:56:36|WARNING|cosmos_framework/checkpoint/dcp.py:430:_skip_keys_if_found] Skipping loading of key: net_ema.language_model.model.layers.12.post_attention_layernorm.weight
[09-21 18:56:36|WARNING|cosmos_framework/checkpoint/dcp.py:430:_skip_keys_if_found] Skipping loading of key: net_ema.language_model.model.layers.12.post_attention_layernorm_moe_gen.weight
[09-21 18:56:36|WARNING|cosmos_framework/checkpoint/dcp.py:430:_skip_keys_if_found] Skipping loading of key: net_ema.language_model.model.layers.12.self_attn.k_norm.weight
[09-21 18:56:36|WARNING|cosmos_framework/checkpoint/dcp.py:430:_skip_keys_if_found] Skipping loading of key: net_ema.language_model.model.layers.12.self_attn.k_norm_moe_gen.weight
[09-21 18:56:36|WARNING|cosmos_framework/checkpoint/dcp.py:430:_skip_keys_if_found] Skipping loading of key: net_ema.language_model.model.layers.12.self_attn.k_proj.weight
[09-21 18:56:36|WARNING|cosmos_framework/checkpoint/dcp.py:430:_skip_keys_if_found] Skipping loading of key: net_ema.language_model.model.layers.12.self_attn.k_proj_moe_gen.weight
[09-21 18:56:36|WARNING|cosmos_framework/checkpoint/dcp.py:430:_skip_keys_if_found] Skipping loading of key: net_ema.language_model.model.layers.12.self_attn.o_proj.weight
[09-21 18:56:36|WARNING|cosmos_framework/checkpoint/dcp.py:430:_skip_keys_if_found] Skipping loading of key: net_ema.language_model.model.layers.12.self_attn.o_proj_moe_gen.weight
[09-21 18:56:36|WARNING|cosmos_framework/checkpoint/dcp.py:430:_skip_keys_if_found] Skipping loading of key: net_ema.language_model.model.layers.12.self_attn.q_norm.weight
[09-21 18:56:36|WARNING|cosmos_framework/checkpoint/dcp.py:430:_skip_keys_if_found] Skipping loading of key: net_ema.language_model.model.layers.12.self_attn.q_norm_moe_gen.weight
[09-21 18:56:36|WARNING|cosmos_framework/checkpoint/dcp.py:430:_skip_keys_if_found] Skipping loading of key: net_ema.language_model.model.layers.12.self_attn.q_proj.weight
[09-21 18:56:36|WARNING|cosmos_framework/checkpoint/dcp.py:430:_skip_keys_if_found] Skipping loading of key: net_ema.language_model.model.layers.12.self_attn.q_proj_moe_gen.weight
[09-21 18:56:36|WARNING|cosmos_framework/checkpoint/dcp.py:430:_skip_keys_if_found] Skipping loading of key: net_ema.language_model.model.layers.12.self_attn.v_proj.weight
[09-21 18:56:36|WARNING|cosmos_framework/checkpoint/dcp.py:430:_skip_keys_if_found] Skipping loading of key: net_ema.language_model.model.layers.12.self_attn.v_proj_moe_gen.weight
[09-21 18:56:36|WARNING|cosmos_framework/checkpoint/dcp.py:430:_skip_keys_if_found] Skipping loading of key: net_ema.language_model.model.layers.13.input_layernorm.weight
[09-21 18:56:36|WARNING|cosmos_framework/checkpoint/dcp.py:430:_skip_keys_if_found] Skipping loading of key: net_ema.language_model.model.layers.13.input_layernorm_moe_gen.weight
[09-21 18:56:36|WARNING|cosmos_framework/checkpoint/dcp.py:430:_skip_keys_if_found] Skipping loading of key: net_ema.language_model.model.layers.13.mlp.down_proj.weight
[09-21 18:56:36|WARNING|cosmos_framework/checkpoint/dcp.py:430:_skip_keys_if_found] Skipping loading of key: net_ema.language_model.model.layers.13.mlp.gate_proj.weight
[09-21 18:56:36|WARNING|cosmos_framework/checkpoint/dcp.py:430:_skip_keys_if_found] Skipping loading of key: net_ema.language_model.model.layers.13.mlp.up_proj.weight
[09-21 18:56:36|WARNING|cosmos_framework/checkpoint/dcp.py:430:_skip_keys_if_found] Skipping loading of key: net_ema.language_model.model.layers.13.mlp_moe_gen.down_proj.weight
[09-21 18:56:36|WARNING|cosmos_framework/checkpoint/dcp.py:430:_skip_keys_if_found] Skipping loading of key: net_ema.language_model.model.layers.13.mlp_moe_gen.gate_proj.weight
[09-21 18:56:36|WARNING|cosmos_framework/checkpoint/dcp.py:430:_skip_keys_if_found] Skipping loading of key: net_ema.language_model.model.layers.13.mlp_moe_gen.up_proj.weight
[09-21 18:56:36|WARNING|cosmos_framework/checkpoint/dcp.py:430:_skip_keys_if_found] Skipping loading of key: net_ema.language_model.model.layers.13.post_attention_layernorm.weight
[09-21 18:56:36|WARNING|cosmos_framework/checkpoint/dcp.py:430:_skip_keys_if_found] Skipping loading of key: net_ema.language_model.model.layers.13.post_attention_layernorm_moe_gen.weight
[09-21 18:56:36|WARNING|cosmos_framework/checkpoint/dcp.py:430:_skip_keys_if_found] Skipping loading of key: net_ema.language_model.model.layers.13.self_attn.k_norm.weight
[09-21 18:56:36|WARNING|cosmos_framework/checkpoint/dcp.py:430:_skip_keys_if_found] Skipping loading of key: net_ema.language_model.model.layers.13.self_attn.k_norm_moe_gen.weight
[09-21 18:56:36|WARNING|cosmos_framework/checkpoint/dcp.py:430:_skip_keys_if_found] Skipping loading of key: net_ema.language_model.model.layers.13.self_attn.k_proj.weight
[09-21 18:56:36|WARNING|cosmos_framework/checkpoint/dcp.py:430:_skip_keys_if_found] Skipping loading of key: net_ema.language_model.model.layers.13.self_attn.k_proj_moe_gen.weight
[09-21 18:56:36|WARNING|cosmos_framework/checkpoint/dcp.py:430:_skip_keys_if_found] Skipping loading of key: net_ema.language_model.model.layers.13.self_attn.o_proj.weight
[09-21 18:56:36|WARNING|cosmos_framework/checkpoint/dcp.py:430:_skip_keys_if_found] Skipping loading of key: net_ema.language_model.model.layers.13.self_attn.o_proj_moe_gen.weight
[09-21 18:56:36|WARNING|cosmos_framework/checkpoint/dcp.py:430:_skip_keys_if_found] Skipping loading of key: net_ema.language_model.model.layers.13.self_attn.q_norm.weight
[09-21 18:56:36|WARNING|cosmos_framework/checkpoint/dcp.py:430:_skip_keys_if_found] Skipping loading of key: net_ema.language_model.model.layers.13.self_attn.q_norm_moe_gen.weight
[09-21 18:56:36|WARNING|cosmos_framework/checkpoint/dcp.py:430:_skip_keys_if_found] Skipping loading of key: net_ema.language_model.model.layers.13.self_attn.q_proj.weight
[09-21 18:56:36|WARNING|cosmos_framework/checkpoint/dcp.py:430:_skip_keys_if_found] Skipping loading of key: net_ema.language_model.model.layers.13.self_attn.q_proj_moe_gen.weight
[09-21 18:56:36|WARNING|cosmos_framework/checkpoint/dcp.py:430:_skip_keys_if_found] Skipping loading of key: net_ema.language_model.model.layers.13.self_attn.v_proj.weight
[09-21 18:56:36|WARNING|cosmos_framework/checkpoint/dcp.py:430:_skip_keys_if_found] Skipping loading of key: net_ema.language_model.model.layers.13.self_attn.v_proj_moe_gen.weight
[09-21 18:56:36|WARNING|cosmos_framework/checkpoint/dcp.py:430:_skip_keys_if_found] Skipping loading of key: net_ema.language_model.model.layers.14.input_layernorm.weight
[09-21 18:56:36|WARNING|cosmos_framework/checkpoint/dcp.py:430:_skip_keys_if_found] Skipping loading of key: net_ema.language_model.model.layers.14.input_layernorm_moe_gen.weight
[09-21 18:56:36|WARNING|cosmos_framework/checkpoint/dcp.py:430:_skip_keys_if_found] Skipping loading of key: net_ema.language_model.model.layers.14.mlp.down_proj.weight
[09-21 18:56:36|WARNING|cosmos_framework/checkpoint/dcp.py:430:_skip_keys_if_found] Skipping loading of key: net_ema.language_model.model.layers.14.mlp.gate_proj.weight
[09-21 18:56:36|WARNING|cosmos_framework/checkpoint/dcp.py:430:_skip_keys_if_found] Skipping loading of key: net_ema.language_model.model.layers.14.mlp.up_proj.weight
[09-21 18:56:36|WARNING|cosmos_framework/checkpoint/dcp.py:430:_skip_keys_if_found] Skipping loading of key: net_ema.language_model.model.layers.14.mlp_moe_gen.down_proj.weight
[09-21 18:56:36|WARNING|cosmos_framework/checkpoint/dcp.py:430:_skip_keys_if_found] Skipping loading of key: net_ema.language_model.model.layers.14.mlp_moe_gen.gate_proj.weight
[09-21 18:56:36|WARNING|cosmos_framework/checkpoint/dcp.py:430:_skip_keys_if_found] Skipping loading of key: net_ema.language_model.model.layers.14.mlp_moe_gen.up_proj.weight
[09-21 18:56:36|WARNING|cosmos_framework/checkpoint/dcp.py:430:_skip_keys_if_found] Skipping loading of key: net_ema.language_model.model.layers.14.post_attention_layernorm.weight
[09-21 18:56:36|WARNING|cosmos_framework/checkpoint/dcp.py:430:_skip_keys_if_found] Skipping loading of key: net_ema.language_model.model.layers.14.post_attention_layernorm_moe_gen.weight
[09-21 18:56:36|WARNING|cosmos_framework/checkpoint/dcp.py:430:_skip_keys_if_found] Skipping loading of key: net_ema.language_model.model.layers.14.self_attn.k_norm.weight
[09-21 18:56:36|WARNING|cosmos_framework/checkpoint/dcp.py:430:_skip_keys_if_found] Skipping loading of key: net_ema.language_model.model.layers.14.self_attn.k_norm_moe_gen.weight
[09-21 18:56:36|WARNING|cosmos_framework/checkpoint/dcp.py:430:_skip_keys_if_found] Skipping loading of key: net_ema.language_model.model.layers.14.self_attn.k_proj.weight
[09-21 18:56:36|WARNING|cosmos_framework/checkpoint/dcp.py:430:_skip_keys_if_found] Skipping loading of key: net_ema.language_model.model.layers.14.self_attn.k_proj_moe_gen.weight
[09-21 18:56:36|WARNING|cosmos_framework/checkpoint/dcp.py:430:_skip_keys_if_found] Skipping loading of key: net_ema.language_model.model.layers.14.self_attn.o_proj.weight
[09-21 18:56:36|WARNING|cosmos_framework/checkpoint/dcp.py:430:_skip_keys_if_found] Skipping loading of key: net_ema.language_model.model.layers.14.self_attn.o_proj_moe_gen.weight
[09-21 18:56:36|WARNING|cosmos_framework/checkpoint/dcp.py:430:_skip_keys_if_found] Skipping loading of key: net_ema.language_model.model.layers.14.self_attn.q_norm.weight
[09-21 18:56:36|WARNING|cosmos_framework/checkpoint/dcp.py:430:_skip_keys_if_found] Skipping loading of key: net_ema.language_model.model.layers.14.self_attn.q_norm_moe_gen.weight
[09-21 18:56:36|WARNING|cosmos_framework/checkpoint/dcp.py:430:_skip_keys_if_found] Skipping loading of key: net_ema.language_model.model.layers.14.self_attn.q_proj.weight
[09-21 18:56:36|WARNING|cosmos_framework/checkpoint/dcp.py:430:_skip_keys_if_found] Skipping loading of key: net_ema.language_model.model.layers.14.self_attn.q_proj_moe_gen.weight
[09-21 18:56:36|WARNING|cosmos_framework/checkpoint/dcp.py:430:_skip_keys_if_found] Skipping loading of key: net_ema.language_model.model.layers.14.self_attn.v_proj.weight
[09-21 18:56:36|WARNING|cosmos_framework/checkpoint/dcp.py:430:_skip_keys_if_found] Skipping loading of key: net_ema.language_model.model.layers.14.self_attn.v_proj_moe_gen.weight
[09-21 18:56:36|INFO|cosmos_framework/checkpoint/dcp.py:433:_skip_keys_if_found] [RANK 6] [DCP-LOAD-SKIP-KEYS] kept_keys=809 dropped_keys=883
[09-21 18:56:36|WARNING|cosmos_framework/checkpoint/dcp.py:430:_skip_keys_if_found] Skipping loading of key: net_ema.language_model.model.layers.15.input_layernorm.weight
[09-21 18:56:36|WARNING|cosmos_framework/checkpoint/dcp.py:430:_skip_keys_if_found] Skipping loading of key: net_ema.language_model.model.layers.15.input_layernorm_moe_gen.weight
[09-21 18:56:36|WARNING|cosmos_framework/checkpoint/dcp.py:430:_skip_keys_if_found] Skipping loading of key: net_ema.language_model.model.layers.15.mlp.down_proj.weight
[09-21 18:56:36|WARNING|cosmos_framework/checkpoint/dcp.py:430:_skip_keys_if_found] Skipping loading of key: net_ema.language_model.model.layers.15.mlp.gate_proj.weight
[09-21 18:56:36|WARNING|cosmos_framework/checkpoint/dcp.py:430:_skip_keys_if_found] Skipping loading of key: net_ema.language_model.model.layers.15.mlp.up_proj.weight
[09-21 18:56:36|WARNING|cosmos_framework/checkpoint/dcp.py:430:_skip_keys_if_found] Skipping loading of key: net_ema.language_model.model.layers.15.mlp_moe_gen.down_proj.weight
[09-21 18:56:36|WARNING|cosmos_framework/checkpoint/dcp.py:430:_skip_keys_if_found] Skipping loading of key: net_ema.language_model.model.layers.15.mlp_moe_gen.gate_proj.weight
[09-21 18:56:36|WARNING|cosmos_framework/checkpoint/dcp.py:430:_skip_keys_if_found] Skipping loading of key: net_ema.language_model.model.layers.15.mlp_moe_gen.up_proj.weight
[09-21 18:56:36|WARNING|cosmos_framework/checkpoint/dcp.py:430:_skip_keys_if_found] Skipping loading of key: net_ema.language_model.model.layers.15.post_attention_layernorm.weight
[09-21 18:56:36|WARNING|cosmos_framework/checkpoint/dcp.py:430:_skip_keys_if_found] Skipping loading of key: net_ema.language_model.model.layers.15.post_attention_layernorm_moe_gen.weight
[09-21 18:56:36|WARNING|cosmos_framework/checkpoint/dcp.py:430:_skip_keys_if_found] Skipping loading of key: net_ema.language_model.model.layers.15.self_attn.k_norm.weight
[09-21 18:56:36|WARNING|cosmos_framework/checkpoint/dcp.py:430:_skip_keys_if_found] Skipping loading of key: net_ema.language_model.model.layers.15.self_attn.k_norm_moe_gen.weight
[09-21 18:56:36|WARNING|cosmos_framework/checkpoint/dcp.py:430:_skip_keys_if_found] Skipping loading of key: net_ema.language_model.model.layers.15.self_attn.k_proj.weight
[09-21 18:56:36|WARNING|cosmos_framework/checkpoint/dcp.py:430:_skip_keys_if_found] Skipping loading of key: net_ema.language_model.model.layers.15.self_attn.k_proj_moe_gen.weight
[09-21 18:56:36|WARNING|cosmos_framework/checkpoint/dcp.py:430:_skip_keys_if_found] Skipping loading of key: net_ema.language_model.model.layers.15.self_attn.o_proj.weight
[09-21 18:56:36|WARNING|cosmos_framework/checkpoint/dcp.py:430:_skip_keys_if_found] Skipping loading of key: net_ema.language_model.model.layers.15.self_attn.o_proj_moe_gen.weight
[09-21 18:56:36|WARNING|cosmos_framework/checkpoint/dcp.py:430:_skip_keys_if_found] Skipping loading of key: net_ema.language_model.model.layers.15.self_attn.q_norm.weight
[09-21 18:56:36|WARNING|cosmos_framework/checkpoint/dcp.py:430:_skip_keys_if_found] Skipping loading of key: net_ema.language_model.model.layers.15.self_attn.q_norm_moe_gen.weight
[09-21 18:56:36|WARNING|cosmos_framework/checkpoint/dcp.py:430:_skip_keys_if_found] Skipping loading of key: net_ema.language_model.model.layers.15.self_attn.q_proj.weight
[09-21 18:56:36|WARNING|cosmos_framework/checkpoint/dcp.py:430:_skip_keys_if_found] Skipping loading of key: net_ema.language_model.model.layers.15.self_attn.q_proj_moe_gen.weight
[09-21 18:56:36|WARNING|cosmos_framework/checkpoint/dcp.py:430:_skip_keys_if_found] Skipping loading of key: net_ema.language_model.model.layers.15.self_attn.v_proj.weight
[09-21 18:56:36|WARNING|cosmos_framework/checkpoint/dcp.py:430:_skip_keys_if_found] Skipping loading of key: net_ema.language_model.model.layers.15.self_attn.v_proj_moe_gen.weight
[09-21 18:56:36|WARNING|cosmos_framework/checkpoint/dcp.py:430:_skip_keys_if_found] Skipping loading of key: net_ema.language_model.model.layers.16.input_layernorm.weight
[09-21 18:56:36|WARNING|cosmos_framework/checkpoint/dcp.py:430:_skip_keys_if_found] Skipping loading of key: net_ema.language_model.model.layers.16.input_layernorm_moe_gen.weight
[09-21 18:56:36|WARNING|cosmos_framework/checkpoint/dcp.py:430:_skip_keys_if_found] Skipping loading of key: net_ema.language_model.model.layers.16.mlp.down_proj.weight
[09-21 18:56:36|WARNING|cosmos_framework/checkpoint/dcp.py:430:_skip_keys_if_found] Skipping loading of key: net_ema.language_model.model.layers.16.mlp.gate_proj.weight
[09-21 18:56:36|WARNING|cosmos_framework/checkpoint/dcp.py:430:_skip_keys_if_found] Skipping loading of key: net_ema.language_model.model.layers.16.mlp.up_proj.weight
[09-21 18:56:36|WARNING|cosmos_framework/checkpoint/dcp.py:430:_skip_keys_if_found] Skipping loading of key: net_ema.language_model.model.layers.16.mlp_moe_gen.down_proj.weight
[09-21 18:56:36|WARNING|cosmos_framework/checkpoint/dcp.py:430:_skip_keys_if_found] Skipping loading of key: net_ema.language_model.model.layers.16.mlp_moe_gen.gate_proj.weight
[09-21 18:56:36|WARNING|cosmos_framework/checkpoint/dcp.py:430:_skip_keys_if_found] Skipping loading of key: net_ema.language_model.model.layers.16.mlp_moe_gen.up_proj.weight
[09-21 18:56:36|WARNING|cosmos_framework/checkpoint/dcp.py:430:_skip_keys_if_found] Skipping loading of key: net_ema.language_model.model.layers.16.post_attention_layernorm.weight
[09-21 18:56:36|WARNING|cosmos_framework/checkpoint/dcp.py:430:_skip_keys_if_found] Skipping loading of key: net_ema.language_model.model.layers.16.post_attention_layernorm_moe_gen.weight
[09-21 18:56:36|WARNING|cosmos_framework/checkpoint/dcp.py:430:_skip_keys_if_found] Skipping loading of key: net_ema.language_model.model.layers.16.self_attn.k_norm.weight
[09-21 18:56:36|WARNING|cosmos_framework/checkpoint/dcp.py:430:_skip_keys_if_found] Skipping loading of key: net_ema.language_model.model.layers.16.self_attn.k_norm_moe_gen.weight
[09-21 18:56:36|WARNING|cosmos_framework/checkpoint/dcp.py:430:_skip_keys_if_found] Skipping loading of key: net_ema.language_model.model.layers.16.self_attn.k_proj.weight
[09-21 18:56:36|WARNING|cosmos_framework/checkpoint/dcp.py:430:_skip_keys_if_found] Skipping loading of key: net_ema.language_model.model.layers.16.self_attn.k_proj_moe_gen.weight
[09-21 18:56:36|WARNING|cosmos_framework/checkpoint/dcp.py:430:_skip_keys_if_found] Skipping loading of key: net_ema.language_model.model.layers.16.self_attn.o_proj.weight
[09-21 18:56:36|WARNING|cosmos_framework/checkpoint/dcp.py:430:_skip_keys_if_found] Skipping loading of key: net_ema.language_model.model.layers.16.self_attn.o_proj_moe_gen.weight
[09-21 18:56:36|WARNING|cosmos_framework/checkpoint/dcp.py:430:_skip_keys_if_found] Skipping loading of key: net_ema.language_model.model.layers.16.self_attn.q_norm.weight
[09-21 18:56:36|WARNING|cosmos_framework/checkpoint/dcp.py:430:_skip_keys_if_found] Skipping loading of key: net_ema.language_model.model.layers.16.self_attn.q_norm_moe_gen.weight
[09-21 18:56:36|WARNING|cosmos_framework/checkpoint/dcp.py:430:_skip_keys_if_found] Skipping loading of key: net_ema.language_model.model.layers.16.self_attn.q_proj.weight
[09-21 18:56:36|WARNING|cosmos_framework/checkpoint/dcp.py:430:_skip_keys_if_found] Skipping loading of key: net_ema.language_model.model.layers.16.self_attn.q_proj_moe_gen.weight
[09-21 18:56:36|WARNING|cosmos_framework/checkpoint/dcp.py:430:_skip_keys_if_found] Skipping loading of key: net_ema.language_model.model.layers.16.self_attn.v_proj.weight
[09-21 18:56:36|WARNING|cosmos_framework/checkpoint/dcp.py:430:_skip_keys_if_found] Skipping loading of key: net_ema.language_model.model.layers.16.self_attn.v_proj_moe_gen.weight
[09-21 18:56:36|WARNING|cosmos_framework/checkpoint/dcp.py:430:_skip_keys_if_found] Skipping loading of key: net_ema.language_model.model.layers.17.input_layernorm.weight
[09-21 18:56:36|WARNING|cosmos_framework/checkpoint/dcp.py:430:_skip_keys_if_found] Skipping loading of key: net_ema.language_model.model.layers.17.input_layernorm_moe_gen.weight
[09-21 18:56:36|WARNING|cosmos_framework/checkpoint/dcp.py:430:_skip_keys_if_found] Skipping loading of key: net_ema.language_model.model.layers.17.mlp.down_proj.weight
[09-21 18:56:36|WARNING|cosmos_framework/checkpoint/dcp.py:430:_skip_keys_if_found] Skipping loading of key: net_ema.language_model.model.layers.17.mlp.gate_proj.weight
[09-21 18:56:36|WARNING|cosmos_framework/checkpoint/dcp.py:430:_skip_keys_if_found] Skipping loading of key: net_ema.language_model.model.layers.17.mlp.up_proj.weight
[09-21 18:56:36|WARNING|cosmos_framework/checkpoint/dcp.py:430:_skip_keys_if_found] Skipping loading of key: net_ema.language_model.model.layers.17.mlp_moe_gen.down_proj.weight
[09-21 18:56:36|WARNING|cosmos_framework/checkpoint/dcp.py:430:_skip_keys_if_found] Skipping loading of key: net_ema.language_model.model.layers.17.mlp_moe_gen.gate_proj.weight
[09-21 18:56:36|WARNING|cosmos_framework/checkpoint/dcp.py:430:_skip_keys_if_found] Skipping loading of key: net_ema.language_model.model.layers.17.mlp_moe_gen.up_proj.weight
[09-21 18:56:36|WARNING|cosmos_framework/checkpoint/dcp.py:430:_skip_keys_if_found] Skipping loading of key: net_ema.language_model.model.layers.17.post_attention_layernorm.weight
[09-21 18:56:36|WARNING|cosmos_framework/checkpoint/dcp.py:430:_skip_keys_if_found] Skipping loading of key: net_ema.language_model.model.layers.17.post_attention_layernorm_moe_gen.weight
[09-21 18:56:36|WARNING|cosmos_framework/checkpoint/dcp.py:430:_skip_keys_if_found] Skipping loading of key: net_ema.language_model.model.layers.17.self_attn.k_norm.weight
[09-21 18:56:36|WARNING|cosmos_framework/checkpoint/dcp.py:430:_skip_keys_if_found] Skipping loading of key: net_ema.language_model.model.layers.17.self_attn.k_norm_moe_gen.weight
[09-21 18:56:36|WARNING|cosmos_framework/checkpoint/dcp.py:430:_skip_keys_if_found] Skipping loading of key: net_ema.language_model.model.layers.17.self_attn.k_proj.weight
[09-21 18:56:36|WARNING|cosmos_framework/checkpoint/dcp.py:430:_skip_keys_if_found] Skipping loading of key: net_ema.language_model.model.layers.17.self_attn.k_proj_moe_gen.weight
[09-21 18:56:36|WARNING|cosmos_framework/checkpoint/dcp.py:430:_skip_keys_if_found] Skipping loading of key: net_ema.language_model.model.layers.17.self_attn.o_proj.weight
[09-21 18:56:36|WARNING|cosmos_framework/checkpoint/dcp.py:430:_skip_keys_if_found] Skipping loading of key: net_ema.language_model.model.layers.17.self_attn.o_proj_moe_gen.weight
[09-21 18:56:36|WARNING|cosmos_framework/checkpoint/dcp.py:430:_skip_keys_if_found] Skipping loading of key: net_ema.language_model.model.layers.17.self_attn.q_norm.weight
[09-21 18:56:36|WARNING|cosmos_framework/checkpoint/dcp.py:430:_skip_keys_if_found] Skipping loading of key: net_ema.language_model.model.layers.17.self_attn.q_norm_moe_gen.weight
[09-21 18:56:36|WARNING|cosmos_framework/checkpoint/dcp.py:430:_skip_keys_if_found] Skipping loading of key: net_ema.language_model.model.layers.17.self_attn.q_proj.weight
[09-21 18:56:36|WARNING|cosmos_framework/checkpoint/dcp.py:430:_skip_keys_if_found] Skipping loading of key: net_ema.language_model.model.layers.17.self_attn.q_proj_moe_gen.weight
[09-21 18:56:36|WARNING|cosmos_framework/checkpoint/dcp.py:430:_skip_keys_if_found] Skipping loading of key: net_ema.language_model.model.layers.17.self_attn.v_proj.weight
[09-21 18:56:36|WARNING|cosmos_framework/checkpoint/dcp.py:430:_skip_keys_if_found] Skipping loading of key: net_ema.language_model.model.layers.17.self_attn.v_proj_moe_gen.weight
[09-21 18:56:36|WARNING|cosmos_framework/checkpoint/dcp.py:430:_skip_keys_if_found] Skipping loading of key: net_ema.language_model.model.layers.18.input_layernorm.weight
[09-21 18:56:36|WARNING|cosmos_framework/checkpoint/dcp.py:430:_skip_keys_if_found] Skipping loading of key: net_ema.language_model.model.layers.18.input_layernorm_moe_gen.weight
[09-21 18:56:36|WARNING|cosmos_framework/checkpoint/dcp.py:430:_skip_keys_if_found] Skipping loading of key: net_ema.language_model.model.layers.18.mlp.down_proj.weight
[09-21 18:56:36|WARNING|cosmos_framework/checkpoint/dcp.py:430:_skip_keys_if_found] Skipping loading of key: net_ema.language_model.model.layers.18.mlp.gate_proj.weight
[09-21 18:56:36|WARNING|cosmos_framework/checkpoint/dcp.py:430:_skip_keys_if_found] Skipping loading of key: net_ema.language_model.model.layers.18.mlp.up_proj.weight
[09-21 18:56:36|WARNING|cosmos_framework/checkpoint/dcp.py:430:_skip_keys_if_found] Skipping loading of key: net_ema.language_model.model.layers.18.mlp_moe_gen.down_proj.weight
[09-21 18:56:36|WARNING|cosmos_framework/checkpoint/dcp.py:430:_skip_keys_if_found] Skipping loading of key: net_ema.language_model.model.layers.18.mlp_moe_gen.gate_proj.weight
[09-21 18:56:36|WARNING|cosmos_framework/checkpoint/dcp.py:430:_skip_keys_if_found] Skipping loading of key: net_ema.language_model.model.layers.18.mlp_moe_gen.up_proj.weight
[09-21 18:56:36|WARNING|cosmos_framework/checkpoint/dcp.py:430:_skip_keys_if_found] Skipping loading of key: net_ema.language_model.model.layers.18.post_attention_layernorm.weight
[09-21 18:56:36|WARNING|cosmos_framework/checkpoint/dcp.py:430:_skip_keys_if_found] Skipping loading of key: net_ema.language_model.model.layers.18.post_attention_layernorm_moe_gen.weight
[09-21 18:56:36|WARNING|cosmos_framework/checkpoint/dcp.py:430:_skip_keys_if_found] Skipping loading of key: net_ema.language_model.model.layers.18.self_attn.k_norm.weight
[09-21 18:56:36|WARNING|cosmos_framework/checkpoint/dcp.py:430:_skip_keys_if_found] Skipping loading of key: net_ema.language_model.model.layers.18.self_attn.k_norm_moe_gen.weight
[09-21 18:56:36|WARNING|cosmos_framework/checkpoint/dcp.py:430:_skip_keys_if_found] Skipping loading of key: net_ema.language_model.model.layers.18.self_attn.k_proj.weight
[09-21 18:56:36|WARNING|cosmos_framework/checkpoint/dcp.py:430:_skip_keys_if_found] Skipping loading of key: net_ema.language_model.model.layers.18.self_attn.k_proj_moe_gen.weight
[09-21 18:56:36|WARNING|cosmos_framework/checkpoint/dcp.py:430:_skip_keys_if_found] Skipping loading of key: net_ema.language_model.model.layers.18.self_attn.o_proj.weight
[09-21 18:56:36|WARNING|cosmos_framework/checkpoint/dcp.py:430:_skip_keys_if_found] Skipping loading of key: net_ema.language_model.model.layers.18.self_attn.o_proj_moe_gen.weight
[09-21 18:56:36|WARNING|cosmos_framework/checkpoint/dcp.py:430:_skip_keys_if_found] Skipping loading of key: net_ema.language_model.model.layers.18.self_attn.q_norm.weight
[09-21 18:56:36|WARNING|cosmos_framework/checkpoint/dcp.py:430:_skip_keys_if_found] Skipping loading of key: net_ema.language_model.model.layers.18.self_attn.q_norm_moe_gen.weight
[09-21 18:56:36|INFO|cosmos_framework/checkpoint/dcp.py:433:_skip_keys_if_found] [RANK 1] [DCP-LOAD-SKIP-KEYS] kept_keys=809 dropped_keys=883
[09-21 18:56:36|WARNING|cosmos_framework/checkpoint/dcp.py:430:_skip_keys_if_found] Skipping loading of key: net_ema.language_model.model.layers.18.self_attn.q_proj.weight
[09-21 18:56:36|WARNING|cosmos_framework/checkpoint/dcp.py:430:_skip_keys_if_found] Skipping loading of key: net_ema.language_model.model.layers.18.self_attn.q_proj_moe_gen.weight
[09-21 18:56:36|WARNING|cosmos_framework/checkpoint/dcp.py:430:_skip_keys_if_found] Skipping loading of key: net_ema.language_model.model.layers.18.self_attn.v_proj.weight
[09-21 18:56:36|WARNING|cosmos_framework/checkpoint/dcp.py:430:_skip_keys_if_found] Skipping loading of key: net_ema.language_model.model.layers.18.self_attn.v_proj_moe_gen.weight
[09-21 18:56:36|WARNING|cosmos_framework/checkpoint/dcp.py:430:_skip_keys_if_found] Skipping loading of key: net_ema.language_model.model.layers.19.input_layernorm.weight
[09-21 18:56:36|WARNING|cosmos_framework/checkpoint/dcp.py:430:_skip_keys_if_found] Skipping loading of key: net_ema.language_model.model.layers.19.input_layernorm_moe_gen.weight
[09-21 18:56:36|WARNING|cosmos_framework/checkpoint/dcp.py:430:_skip_keys_if_found] Skipping loading of key: net_ema.language_model.model.layers.19.mlp.down_proj.weight
[09-21 18:56:36|WARNING|cosmos_framework/checkpoint/dcp.py:430:_skip_keys_if_found] Skipping loading of key: net_ema.language_model.model.layers.19.mlp.gate_proj.weight
[09-21 18:56:36|WARNING|cosmos_framework/checkpoint/dcp.py:430:_skip_keys_if_found] Skipping loading of key: net_ema.language_model.model.layers.19.mlp.up_proj.weight
[09-21 18:56:36|WARNING|cosmos_framework/checkpoint/dcp.py:430:_skip_keys_if_found] Skipping loading of key: net_ema.language_model.model.layers.19.mlp_moe_gen.down_proj.weight
[09-21 18:56:36|WARNING|cosmos_framework/checkpoint/dcp.py:430:_skip_keys_if_found] Skipping loading of key: net_ema.language_model.model.layers.19.mlp_moe_gen.gate_proj.weight
[09-21 18:56:36|WARNING|cosmos_framework/checkpoint/dcp.py:430:_skip_keys_if_found] Skipping loading of key: net_ema.language_model.model.layers.19.mlp_moe_gen.up_proj.weight
[09-21 18:56:36|WARNING|cosmos_framework/checkpoint/dcp.py:430:_skip_keys_if_found] Skipping loading of key: net_ema.language_model.model.layers.19.post_attention_layernorm.weight
[09-21 18:56:36|WARNING|cosmos_framework/checkpoint/dcp.py:430:_skip_keys_if_found] Skipping loading of key: net_ema.language_model.model.layers.19.post_attention_layernorm_moe_gen.weight
[09-21 18:56:36|WARNING|cosmos_framework/checkpoint/dcp.py:430:_skip_keys_if_found] Skipping loading of key: net_ema.language_model.model.layers.19.self_attn.k_norm.weight
[09-21 18:56:36|WARNING|cosmos_framework/checkpoint/dcp.py:430:_skip_keys_if_found] Skipping loading of key: net_ema.language_model.model.layers.19.self_attn.k_norm_moe_gen.weight
[09-21 18:56:36|WARNING|cosmos_framework/checkpoint/dcp.py:430:_skip_keys_if_found] Skipping loading of key: net_ema.language_model.model.layers.19.self_attn.k_proj.weight
[09-21 18:56:36|WARNING|cosmos_framework/checkpoint/dcp.py:430:_skip_keys_if_found] Skipping loading of key: net_ema.language_model.model.layers.19.self_attn.k_proj_moe_gen.weight
[09-21 18:56:36|WARNING|cosmos_framework/checkpoint/dcp.py:430:_skip_keys_if_found] Skipping loading of key: net_ema.language_model.model.layers.19.self_attn.o_proj.weight
[09-21 18:56:36|WARNING|cosmos_framework/checkpoint/dcp.py:430:_skip_keys_if_found] Skipping loading of key: net_ema.language_model.model.layers.19.self_attn.o_proj_moe_gen.weight
[09-21 18:56:36|WARNING|cosmos_framework/checkpoint/dcp.py:430:_skip_keys_if_found] Skipping loading of key: net_ema.language_model.model.layers.19.self_attn.q_norm.weight
[09-21 18:56:36|WARNING|cosmos_framework/checkpoint/dcp.py:430:_skip_keys_if_found] Skipping loading of key: net_ema.language_model.model.layers.19.self_attn.q_norm_moe_gen.weight
[09-21 18:56:36|WARNING|cosmos_framework/checkpoint/dcp.py:430:_skip_keys_if_found] Skipping loading of key: net_ema.language_model.model.layers.19.self_attn.q_proj.weight
[09-21 18:56:36|WARNING|cosmos_framework/checkpoint/dcp.py:430:_skip_keys_if_found] Skipping loading of key: net_ema.language_model.model.layers.19.self_attn.q_proj_moe_gen.weight
[09-21 18:56:36|WARNING|cosmos_framework/checkpoint/dcp.py:430:_skip_keys_if_found] Skipping loading of key: net_ema.language_model.model.layers.19.self_attn.v_proj.weight
[09-21 18:56:36|WARNING|cosmos_framework/checkpoint/dcp.py:430:_skip_keys_if_found] Skipping loading of key: net_ema.language_model.model.layers.19.self_attn.v_proj_moe_gen.weight
[09-21 18:56:36|WARNING|cosmos_framework/checkpoint/dcp.py:430:_skip_keys_if_found] Skipping loading of key: net_ema.language_model.model.layers.2.input_layernorm.weight
[09-21 18:56:36|WARNING|cosmos_framework/checkpoint/dcp.py:430:_skip_keys_if_found] Skipping loading of key: net_ema.language_model.model.layers.2.input_layernorm_moe_gen.weight
[09-21 18:56:36|WARNING|cosmos_framework/checkpoint/dcp.py:430:_skip_keys_if_found] Skipping loading of key: net_ema.language_model.model.layers.2.mlp.down_proj.weight
[09-21 18:56:36|WARNING|cosmos_framework/checkpoint/dcp.py:430:_skip_keys_if_found] Skipping loading of key: net_ema.language_model.model.layers.2.mlp.gate_proj.weight
[09-21 18:56:36|WARNING|cosmos_framework/checkpoint/dcp.py:430:_skip_keys_if_found] Skipping loading of key: net_ema.language_model.model.layers.2.mlp.up_proj.weight
[09-21 18:56:36|WARNING|cosmos_framework/checkpoint/dcp.py:430:_skip_keys_if_found] Skipping loading of key: net_ema.language_model.model.layers.2.mlp_moe_gen.down_proj.weight
[09-21 18:56:36|WARNING|cosmos_framework/checkpoint/dcp.py:430:_skip_keys_if_found] Skipping loading of key: net_ema.language_model.model.layers.2.mlp_moe_gen.gate_proj.weight
[09-21 18:56:36|WARNING|cosmos_framework/checkpoint/dcp.py:430:_skip_keys_if_found] Skipping loading of key: net_ema.language_model.model.layers.2.mlp_moe_gen.up_proj.weight
[09-21 18:56:36|WARNING|cosmos_framework/checkpoint/dcp.py:430:_skip_keys_if_found] Skipping loading of key: net_ema.language_model.model.layers.2.post_attention_layernorm.weight
[09-21 18:56:36|WARNING|cosmos_framework/checkpoint/dcp.py:430:_skip_keys_if_found] Skipping loading of key: net_ema.language_model.model.layers.2.post_attention_layernorm_moe_gen.weight
[09-21 18:56:36|WARNING|cosmos_framework/checkpoint/dcp.py:430:_skip_keys_if_found] Skipping loading of key: net_ema.language_model.model.layers.2.self_attn.k_norm.weight
[09-21 18:56:36|WARNING|cosmos_framework/checkpoint/dcp.py:430:_skip_keys_if_found] Skipping loading of key: net_ema.language_model.model.layers.2.self_attn.k_norm_moe_gen.weight
[09-21 18:56:36|WARNING|cosmos_framework/checkpoint/dcp.py:430:_skip_keys_if_found] Skipping loading of key: net_ema.language_model.model.layers.2.self_attn.k_proj.weight
[09-21 18:56:36|WARNING|cosmos_framework/checkpoint/dcp.py:430:_skip_keys_if_found] Skipping loading of key: net_ema.language_model.model.layers.2.self_attn.k_proj_moe_gen.weight
[09-21 18:56:36|WARNING|cosmos_framework/checkpoint/dcp.py:430:_skip_keys_if_found] Skipping loading of key: net_ema.language_model.model.layers.2.self_attn.o_proj.weight
[09-21 18:56:36|WARNING|cosmos_framework/checkpoint/dcp.py:430:_skip_keys_if_found] Skipping loading of key: net_ema.language_model.model.layers.2.self_attn.o_proj_moe_gen.weight
[09-21 18:56:36|WARNING|cosmos_framework/checkpoint/dcp.py:430:_skip_keys_if_found] Skipping loading of key: net_ema.language_model.model.layers.2.self_attn.q_norm.weight
[09-21 18:56:36|WARNING|cosmos_framework/checkpoint/dcp.py:430:_skip_keys_if_found] Skipping loading of key: net_ema.language_model.model.layers.2.self_attn.q_norm_moe_gen.weight
[09-21 18:56:36|WARNING|cosmos_framework/checkpoint/dcp.py:430:_skip_keys_if_found] Skipping loading of key: net_ema.language_model.model.layers.2.self_attn.q_proj.weight
[09-21 18:56:36|WARNING|cosmos_framework/checkpoint/dcp.py:430:_skip_keys_if_found] Skipping loading of key: net_ema.language_model.model.layers.2.self_attn.q_proj_moe_gen.weight
[09-21 18:56:36|WARNING|cosmos_framework/checkpoint/dcp.py:430:_skip_keys_if_found] Skipping loading of key: net_ema.language_model.model.layers.2.self_attn.v_proj.weight
[09-21 18:56:36|WARNING|cosmos_framework/checkpoint/dcp.py:430:_skip_keys_if_found] Skipping loading of key: net_ema.language_model.model.layers.2.self_attn.v_proj_moe_gen.weight
[09-21 18:56:36|WARNING|cosmos_framework/checkpoint/dcp.py:430:_skip_keys_if_found] Skipping loading of key: net_ema.language_model.model.layers.20.input_layernorm.weight
[09-21 18:56:36|WARNING|cosmos_framework/checkpoint/dcp.py:430:_skip_keys_if_found] Skipping loading of key: net_ema.language_model.model.layers.20.input_layernorm_moe_gen.weight
[09-21 18:56:36|WARNING|cosmos_framework/checkpoint/dcp.py:430:_skip_keys_if_found] Skipping loading of key: net_ema.language_model.model.layers.20.mlp.down_proj.weight
[09-21 18:56:36|WARNING|cosmos_framework/checkpoint/dcp.py:430:_skip_keys_if_found] Skipping loading of key: net_ema.language_model.model.layers.20.mlp.gate_proj.weight
[09-21 18:56:36|WARNING|cosmos_framework/checkpoint/dcp.py:430:_skip_keys_if_found] Skipping loading of key: net_ema.language_model.model.layers.20.mlp.up_proj.weight
[09-21 18:56:36|WARNING|cosmos_framework/checkpoint/dcp.py:430:_skip_keys_if_found] Skipping loading of key: net_ema.language_model.model.layers.20.mlp_moe_gen.down_proj.weight
[09-21 18:56:36|WARNING|cosmos_framework/checkpoint/dcp.py:430:_skip_keys_if_found] Skipping loading of key: net_ema.language_model.model.layers.20.mlp_moe_gen.gate_proj.weight
[09-21 18:56:36|WARNING|cosmos_framework/checkpoint/dcp.py:430:_skip_keys_if_found] Skipping loading of key: net_ema.language_model.model.layers.20.mlp_moe_gen.up_proj.weight
[09-21 18:56:36|WARNING|cosmos_framework/checkpoint/dcp.py:430:_skip_keys_if_found] Skipping loading of key: net_ema.language_model.model.layers.20.post_attention_layernorm.weight
[09-21 18:56:36|WARNING|cosmos_framework/checkpoint/dcp.py:430:_skip_keys_if_found] Skipping loading of key: net_ema.language_model.model.layers.20.post_attention_layernorm_moe_gen.weight
[09-21 18:56:36|WARNING|cosmos_framework/checkpoint/dcp.py:430:_skip_keys_if_found] Skipping loading of key: net_ema.language_model.model.layers.20.self_attn.k_norm.weight
[09-21 18:56:36|WARNING|cosmos_framework/checkpoint/dcp.py:430:_skip_keys_if_found] Skipping loading of key: net_ema.language_model.model.layers.20.self_attn.k_norm_moe_gen.weight
[09-21 18:56:36|WARNING|cosmos_framework/checkpoint/dcp.py:430:_skip_keys_if_found] Skipping loading of key: net_ema.language_model.model.layers.20.self_attn.k_proj.weight
[09-21 18:56:36|WARNING|cosmos_framework/checkpoint/dcp.py:430:_skip_keys_if_found] Skipping loading of key: net_ema.language_model.model.layers.20.self_attn.k_proj_moe_gen.weight
[09-21 18:56:36|WARNING|cosmos_framework/checkpoint/dcp.py:430:_skip_keys_if_found] Skipping loading of key: net_ema.language_model.model.layers.20.self_attn.o_proj.weight
[09-21 18:56:36|WARNING|cosmos_framework/checkpoint/dcp.py:430:_skip_keys_if_found] Skipping loading of key: net_ema.language_model.model.layers.20.self_attn.o_proj_moe_gen.weight
[09-21 18:56:36|WARNING|cosmos_framework/checkpoint/dcp.py:430:_skip_keys_if_found] Skipping loading of key: net_ema.language_model.model.layers.20.self_attn.q_norm.weight
[09-21 18:56:36|WARNING|cosmos_framework/checkpoint/dcp.py:430:_skip_keys_if_found] Skipping loading of key: net_ema.language_model.model.layers.20.self_attn.q_norm_moe_gen.weight
[09-21 18:56:36|WARNING|cosmos_framework/checkpoint/dcp.py:430:_skip_keys_if_found] Skipping loading of key: net_ema.language_model.model.layers.20.self_attn.q_proj.weight
[09-21 18:56:36|WARNING|cosmos_framework/checkpoint/dcp.py:430:_skip_keys_if_found] Skipping loading of key: net_ema.language_model.model.layers.20.self_attn.q_proj_moe_gen.weight
[09-21 18:56:36|WARNING|cosmos_framework/checkpoint/dcp.py:430:_skip_keys_if_found] Skipping loading of key: net_ema.language_model.model.layers.20.self_attn.v_proj.weight
[09-21 18:56:36|WARNING|cosmos_framework/checkpoint/dcp.py:430:_skip_keys_if_found] Skipping loading of key: net_ema.language_model.model.layers.20.self_attn.v_proj_moe_gen.weight
[09-21 18:56:36|WARNING|cosmos_framework/checkpoint/dcp.py:430:_skip_keys_if_found] Skipping loading of key: net_ema.language_model.model.layers.21.input_layernorm.weight
[09-21 18:56:36|WARNING|cosmos_framework/checkpoint/dcp.py:430:_skip_keys_if_found] Skipping loading of key: net_ema.language_model.model.layers.21.input_layernorm_moe_gen.weight
[09-21 18:56:36|WARNING|cosmos_framework/checkpoint/dcp.py:430:_skip_keys_if_found] Skipping loading of key: net_ema.language_model.model.layers.21.mlp.down_proj.weight
[09-21 18:56:36|WARNING|cosmos_framework/checkpoint/dcp.py:430:_skip_keys_if_found] Skipping loading of key: net_ema.language_model.model.layers.21.mlp.gate_proj.weight
[09-21 18:56:36|INFO|cosmos_framework/checkpoint/dcp.py:433:_skip_keys_if_found] [RANK 2] [DCP-LOAD-SKIP-KEYS] kept_keys=809 dropped_keys=883
[09-21 18:56:36|WARNING|cosmos_framework/checkpoint/dcp.py:430:_skip_keys_if_found] Skipping loading of key: net_ema.language_model.model.layers.21.mlp.up_proj.weight
[09-21 18:56:36|WARNING|cosmos_framework/checkpoint/dcp.py:430:_skip_keys_if_found] Skipping loading of key: net_ema.language_model.model.layers.21.mlp_moe_gen.down_proj.weight
[09-21 18:56:36|WARNING|cosmos_framework/checkpoint/dcp.py:430:_skip_keys_if_found] Skipping loading of key: net_ema.language_model.model.layers.21.mlp_moe_gen.gate_proj.weight
[09-21 18:56:36|WARNING|cosmos_framework/checkpoint/dcp.py:430:_skip_keys_if_found] Skipping loading of key: net_ema.language_model.model.layers.21.mlp_moe_gen.up_proj.weight
[09-21 18:56:36|WARNING|cosmos_framework/checkpoint/dcp.py:430:_skip_keys_if_found] Skipping loading of key: net_ema.language_model.model.layers.21.post_attention_layernorm.weight
[09-21 18:56:36|WARNING|cosmos_framework/checkpoint/dcp.py:430:_skip_keys_if_found] Skipping loading of key: net_ema.language_model.model.layers.21.post_attention_layernorm_moe_gen.weight
[09-21 18:56:36|WARNING|cosmos_framework/checkpoint/dcp.py:430:_skip_keys_if_found] Skipping loading of key: net_ema.language_model.model.layers.21.self_attn.k_norm.weight
[09-21 18:56:36|WARNING|cosmos_framework/checkpoint/dcp.py:430:_skip_keys_if_found] Skipping loading of key: net_ema.language_model.model.layers.21.self_attn.k_norm_moe_gen.weight
[09-21 18:56:36|WARNING|cosmos_framework/checkpoint/dcp.py:430:_skip_keys_if_found] Skipping loading of key: net_ema.language_model.model.layers.21.self_attn.k_proj.weight
[09-21 18:56:36|WARNING|cosmos_framework/checkpoint/dcp.py:430:_skip_keys_if_found] Skipping loading of key: net_ema.language_model.model.layers.21.self_attn.k_proj_moe_gen.weight
[09-21 18:56:36|WARNING|cosmos_framework/checkpoint/dcp.py:430:_skip_keys_if_found] Skipping loading of key: net_ema.language_model.model.layers.21.self_attn.o_proj.weight
[09-21 18:56:36|WARNING|cosmos_framework/checkpoint/dcp.py:430:_skip_keys_if_found] Skipping loading of key: net_ema.language_model.model.layers.21.self_attn.o_proj_moe_gen.weight
[09-21 18:56:36|WARNING|cosmos_framework/checkpoint/dcp.py:430:_skip_keys_if_found] Skipping loading of key: net_ema.language_model.model.layers.21.self_attn.q_norm.weight
[09-21 18:56:36|WARNING|cosmos_framework/checkpoint/dcp.py:430:_skip_keys_if_found] Skipping loading of key: net_ema.language_model.model.layers.21.self_attn.q_norm_moe_gen.weight
[09-21 18:56:36|WARNING|cosmos_framework/checkpoint/dcp.py:430:_skip_keys_if_found] Skipping loading of key: net_ema.language_model.model.layers.21.self_attn.q_proj.weight
[09-21 18:56:36|WARNING|cosmos_framework/checkpoint/dcp.py:430:_skip_keys_if_found] Skipping loading of key: net_ema.language_model.model.layers.21.self_attn.q_proj_moe_gen.weight
[09-21 18:56:36|WARNING|cosmos_framework/checkpoint/dcp.py:430:_skip_keys_if_found] Skipping loading of key: net_ema.language_model.model.layers.21.self_attn.v_proj.weight
[09-21 18:56:36|WARNING|cosmos_framework/checkpoint/dcp.py:430:_skip_keys_if_found] Skipping loading of key: net_ema.language_model.model.layers.21.self_attn.v_proj_moe_gen.weight
[09-21 18:56:36|WARNING|cosmos_framework/checkpoint/dcp.py:430:_skip_keys_if_found] Skipping loading of key: net_ema.language_model.model.layers.22.input_layernorm.weight
[09-21 18:56:36|WARNING|cosmos_framework/checkpoint/dcp.py:430:_skip_keys_if_found] Skipping loading of key: net_ema.language_model.model.layers.22.input_layernorm_moe_gen.weight
[09-21 18:56:36|WARNING|cosmos_framework/checkpoint/dcp.py:430:_skip_keys_if_found] Skipping loading of key: net_ema.language_model.model.layers.22.mlp.down_proj.weight
[09-21 18:56:36|WARNING|cosmos_framework/checkpoint/dcp.py:430:_skip_keys_if_found] Skipping loading of key: net_ema.language_model.model.layers.22.mlp.gate_proj.weight
[09-21 18:56:36|WARNING|cosmos_framework/checkpoint/dcp.py:430:_skip_keys_if_found] Skipping loading of key: net_ema.language_model.model.layers.22.mlp.up_proj.weight
[09-21 18:56:36|WARNING|cosmos_framework/checkpoint/dcp.py:430:_skip_keys_if_found] Skipping loading of key: net_ema.language_model.model.layers.22.mlp_moe_gen.down_proj.weight
[09-21 18:56:36|WARNING|cosmos_framework/checkpoint/dcp.py:430:_skip_keys_if_found] Skipping loading of key: net_ema.language_model.model.layers.22.mlp_moe_gen.gate_proj.weight
[09-21 18:56:36|WARNING|cosmos_framework/checkpoint/dcp.py:430:_skip_keys_if_found] Skipping loading of key: net_ema.language_model.model.layers.22.mlp_moe_gen.up_proj.weight
[09-21 18:56:36|WARNING|cosmos_framework/checkpoint/dcp.py:430:_skip_keys_if_found] Skipping loading of key: net_ema.language_model.model.layers.22.post_attention_layernorm.weight
[09-21 18:56:36|WARNING|cosmos_framework/checkpoint/dcp.py:430:_skip_keys_if_found] Skipping loading of key: net_ema.language_model.model.layers.22.post_attention_layernorm_moe_gen.weight
[09-21 18:56:36|WARNING|cosmos_framework/checkpoint/dcp.py:430:_skip_keys_if_found] Skipping loading of key: net_ema.language_model.model.layers.22.self_attn.k_norm.weight
[09-21 18:56:36|WARNING|cosmos_framework/checkpoint/dcp.py:430:_skip_keys_if_found] Skipping loading of key: net_ema.language_model.model.layers.22.self_attn.k_norm_moe_gen.weight
[09-21 18:56:36|WARNING|cosmos_framework/checkpoint/dcp.py:430:_skip_keys_if_found] Skipping loading of key: net_ema.language_model.model.layers.22.self_attn.k_proj.weight
[09-21 18:56:36|WARNING|cosmos_framework/checkpoint/dcp.py:430:_skip_keys_if_found] Skipping loading of key: net_ema.language_model.model.layers.22.self_attn.k_proj_moe_gen.weight
[09-21 18:56:36|WARNING|cosmos_framework/checkpoint/dcp.py:430:_skip_keys_if_found] Skipping loading of key: net_ema.language_model.model.layers.22.self_attn.o_proj.weight
[09-21 18:56:36|WARNING|cosmos_framework/checkpoint/dcp.py:430:_skip_keys_if_found] Skipping loading of key: net_ema.language_model.model.layers.22.self_attn.o_proj_moe_gen.weight
[09-21 18:56:36|WARNING|cosmos_framework/checkpoint/dcp.py:430:_skip_keys_if_found] Skipping loading of key: net_ema.language_model.model.layers.22.self_attn.q_norm.weight
[09-21 18:56:36|WARNING|cosmos_framework/checkpoint/dcp.py:430:_skip_keys_if_found] Skipping loading of key: net_ema.language_model.model.layers.22.self_attn.q_norm_moe_gen.weight
[09-21 18:56:36|WARNING|cosmos_framework/checkpoint/dcp.py:430:_skip_keys_if_found] Skipping loading of key: net_ema.language_model.model.layers.22.self_attn.q_proj.weight
[09-21 18:56:36|WARNING|cosmos_framework/checkpoint/dcp.py:430:_skip_keys_if_found] Skipping loading of key: net_ema.language_model.model.layers.22.self_attn.q_proj_moe_gen.weight
[09-21 18:56:36|WARNING|cosmos_framework/checkpoint/dcp.py:430:_skip_keys_if_found] Skipping loading of key: net_ema.language_model.model.layers.22.self_attn.v_proj.weight
[09-21 18:56:36|WARNING|cosmos_framework/checkpoint/dcp.py:430:_skip_keys_if_found] Skipping loading of key: net_ema.language_model.model.layers.22.self_attn.v_proj_moe_gen.weight
[09-21 18:56:36|WARNING|cosmos_framework/checkpoint/dcp.py:430:_skip_keys_if_found] Skipping loading of key: net_ema.language_model.model.layers.23.input_layernorm.weight
[09-21 18:56:36|WARNING|cosmos_framework/checkpoint/dcp.py:430:_skip_keys_if_found] Skipping loading of key: net_ema.language_model.model.layers.23.input_layernorm_moe_gen.weight
[09-21 18:56:36|WARNING|cosmos_framework/checkpoint/dcp.py:430:_skip_keys_if_found] Skipping loading of key: net_ema.language_model.model.layers.23.mlp.down_proj.weight
[09-21 18:56:36|WARNING|cosmos_framework/checkpoint/dcp.py:430:_skip_keys_if_found] Skipping loading of key: net_ema.language_model.model.layers.23.mlp.gate_proj.weight
[09-21 18:56:36|WARNING|cosmos_framework/checkpoint/dcp.py:430:_skip_keys_if_found] Skipping loading of key: net_ema.language_model.model.layers.23.mlp.up_proj.weight
[09-21 18:56:36|WARNING|cosmos_framework/checkpoint/dcp.py:430:_skip_keys_if_found] Skipping loading of key: net_ema.language_model.model.layers.23.mlp_moe_gen.down_proj.weight
[09-21 18:56:36|WARNING|cosmos_framework/checkpoint/dcp.py:430:_skip_keys_if_found] Skipping loading of key: net_ema.language_model.model.layers.23.mlp_moe_gen.gate_proj.weight
[09-21 18:56:36|WARNING|cosmos_framework/checkpoint/dcp.py:430:_skip_keys_if_found] Skipping loading of key: net_ema.language_model.model.layers.23.mlp_moe_gen.up_proj.weight
[09-21 18:56:36|WARNING|cosmos_framework/checkpoint/dcp.py:430:_skip_keys_if_found] Skipping loading of key: net_ema.language_model.model.layers.23.post_attention_layernorm.weight
[09-21 18:56:36|WARNING|cosmos_framework/checkpoint/dcp.py:430:_skip_keys_if_found] Skipping loading of key: net_ema.language_model.model.layers.23.post_attention_layernorm_moe_gen.weight
[09-21 18:56:36|WARNING|cosmos_framework/checkpoint/dcp.py:430:_skip_keys_if_found] Skipping loading of key: net_ema.language_model.model.layers.23.self_attn.k_norm.weight
[09-21 18:56:36|WARNING|cosmos_framework/checkpoint/dcp.py:430:_skip_keys_if_found] Skipping loading of key: net_ema.language_model.model.layers.23.self_attn.k_norm_moe_gen.weight
[09-21 18:56:36|WARNING|cosmos_framework/checkpoint/dcp.py:430:_skip_keys_if_found] Skipping loading of key: net_ema.language_model.model.layers.23.self_attn.k_proj.weight
[09-21 18:56:36|WARNING|cosmos_framework/checkpoint/dcp.py:430:_skip_keys_if_found] Skipping loading of key: net_ema.language_model.model.layers.23.self_attn.k_proj_moe_gen.weight
[09-21 18:56:36|WARNING|cosmos_framework/checkpoint/dcp.py:430:_skip_keys_if_found] Skipping loading of key: net_ema.language_model.model.layers.23.self_attn.o_proj.weight
[09-21 18:56:36|WARNING|cosmos_framework/checkpoint/dcp.py:430:_skip_keys_if_found] Skipping loading of key: net_ema.language_model.model.layers.23.self_attn.o_proj_moe_gen.weight
[09-21 18:56:36|WARNING|cosmos_framework/checkpoint/dcp.py:430:_skip_keys_if_found] Skipping loading of key: net_ema.language_model.model.layers.23.self_attn.q_norm.weight
[09-21 18:56:36|WARNING|cosmos_framework/checkpoint/dcp.py:430:_skip_keys_if_found] Skipping loading of key: net_ema.language_model.model.layers.23.self_attn.q_norm_moe_gen.weight
[09-21 18:56:36|WARNING|cosmos_framework/checkpoint/dcp.py:430:_skip_keys_if_found] Skipping loading of key: net_ema.language_model.model.layers.23.self_attn.q_proj.weight
[09-21 18:56:36|WARNING|cosmos_framework/checkpoint/dcp.py:430:_skip_keys_if_found] Skipping loading of key: net_ema.language_model.model.layers.23.self_attn.q_proj_moe_gen.weight
[09-21 18:56:36|WARNING|cosmos_framework/checkpoint/dcp.py:430:_skip_keys_if_found] Skipping loading of key: net_ema.language_model.model.layers.23.self_attn.v_proj.weight
[09-21 18:56:36|WARNING|cosmos_framework/checkpoint/dcp.py:430:_skip_keys_if_found] Skipping loading of key: net_ema.language_model.model.layers.23.self_attn.v_proj_moe_gen.weight
[09-21 18:56:36|WARNING|cosmos_framework/checkpoint/dcp.py:430:_skip_keys_if_found] Skipping loading of key: net_ema.language_model.model.layers.24.input_layernorm.weight
[09-21 18:56:36|WARNING|cosmos_framework/checkpoint/dcp.py:430:_skip_keys_if_found] Skipping loading of key: net_ema.language_model.model.layers.24.input_layernorm_moe_gen.weight
[09-21 18:56:36|WARNING|cosmos_framework/checkpoint/dcp.py:430:_skip_keys_if_found] Skipping loading of key: net_ema.language_model.model.layers.24.mlp.down_proj.weight
[09-21 18:56:36|WARNING|cosmos_framework/checkpoint/dcp.py:430:_skip_keys_if_found] Skipping loading of key: net_ema.language_model.model.layers.24.mlp.gate_proj.weight
[09-21 18:56:36|WARNING|cosmos_framework/checkpoint/dcp.py:430:_skip_keys_if_found] Skipping loading of key: net_ema.language_model.model.layers.24.mlp.up_proj.weight
[09-21 18:56:36|WARNING|cosmos_framework/checkpoint/dcp.py:430:_skip_keys_if_found] Skipping loading of key: net_ema.language_model.model.layers.24.mlp_moe_gen.down_proj.weight
[09-21 18:56:36|WARNING|cosmos_framework/checkpoint/dcp.py:430:_skip_keys_if_found] Skipping loading of key: net_ema.language_model.model.layers.24.mlp_moe_gen.gate_proj.weight
[09-21 18:56:36|WARNING|cosmos_framework/checkpoint/dcp.py:430:_skip_keys_if_found] Skipping loading of key: net_ema.language_model.model.layers.24.mlp_moe_gen.up_proj.weight
[09-21 18:56:36|WARNING|cosmos_framework/checkpoint/dcp.py:430:_skip_keys_if_found] Skipping loading of key: net_ema.language_model.model.layers.24.post_attention_layernorm.weight
[09-21 18:56:36|WARNING|cosmos_framework/checkpoint/dcp.py:430:_skip_keys_if_found] Skipping loading of key: net_ema.language_model.model.layers.24.post_attention_layernorm_moe_gen.weight
[09-21 18:56:36|WARNING|cosmos_framework/checkpoint/dcp.py:430:_skip_keys_if_found] Skipping loading of key: net_ema.language_model.model.layers.24.self_attn.k_norm.weight
[09-21 18:56:36|WARNING|cosmos_framework/checkpoint/dcp.py:430:_skip_keys_if_found] Skipping loading of key: net_ema.language_model.model.layers.24.self_attn.k_norm_moe_gen.weight
[09-21 18:56:36|WARNING|cosmos_framework/checkpoint/dcp.py:430:_skip_keys_if_found] Skipping loading of key: net_ema.language_model.model.layers.24.self_attn.k_proj.weight
[09-21 18:56:36|WARNING|cosmos_framework/checkpoint/dcp.py:430:_skip_keys_if_found] Skipping loading of key: net_ema.language_model.model.layers.24.self_attn.k_proj_moe_gen.weight
[09-21 18:56:36|WARNING|cosmos_framework/checkpoint/dcp.py:430:_skip_keys_if_found] Skipping loading of key: net_ema.language_model.model.layers.24.self_attn.o_proj.weight
[09-21 18:56:36|WARNING|cosmos_framework/checkpoint/dcp.py:430:_skip_keys_if_found] Skipping loading of key: net_ema.language_model.model.layers.24.self_attn.o_proj_moe_gen.weight
[09-21 18:56:36|WARNING|cosmos_framework/checkpoint/dcp.py:430:_skip_keys_if_found] Skipping loading of key: net_ema.language_model.model.layers.24.self_attn.q_norm.weight
[09-21 18:56:36|WARNING|cosmos_framework/checkpoint/dcp.py:430:_skip_keys_if_found] Skipping loading of key: net_ema.language_model.model.layers.24.self_attn.q_norm_moe_gen.weight
[09-21 18:56:36|WARNING|cosmos_framework/checkpoint/dcp.py:430:_skip_keys_if_found] Skipping loading of key: net_ema.language_model.model.layers.24.self_attn.q_proj.weight
[09-21 18:56:36|WARNING|cosmos_framework/checkpoint/dcp.py:430:_skip_keys_if_found] Skipping loading of key: net_ema.language_model.model.layers.24.self_attn.q_proj_moe_gen.weight
[09-21 18:56:36|WARNING|cosmos_framework/checkpoint/dcp.py:430:_skip_keys_if_found] Skipping loading of key: net_ema.language_model.model.layers.24.self_attn.v_proj.weight
[09-21 18:56:36|WARNING|cosmos_framework/checkpoint/dcp.py:430:_skip_keys_if_found] Skipping loading of key: net_ema.language_model.model.layers.24.self_attn.v_proj_moe_gen.weight
[09-21 18:56:36|WARNING|cosmos_framework/checkpoint/dcp.py:430:_skip_keys_if_found] Skipping loading of key: net_ema.language_model.model.layers.25.input_layernorm.weight
[09-21 18:56:36|WARNING|cosmos_framework/checkpoint/dcp.py:430:_skip_keys_if_found] Skipping loading of key: net_ema.language_model.model.layers.25.input_layernorm_moe_gen.weight
[09-21 18:56:36|WARNING|cosmos_framework/checkpoint/dcp.py:430:_skip_keys_if_found] Skipping loading of key: net_ema.language_model.model.layers.25.mlp.down_proj.weight
[09-21 18:56:36|WARNING|cosmos_framework/checkpoint/dcp.py:430:_skip_keys_if_found] Skipping loading of key: net_ema.language_model.model.layers.25.mlp.gate_proj.weight
[09-21 18:56:36|WARNING|cosmos_framework/checkpoint/dcp.py:430:_skip_keys_if_found] Skipping loading of key: net_ema.language_model.model.layers.25.mlp.up_proj.weight
[09-21 18:56:36|WARNING|cosmos_framework/checkpoint/dcp.py:430:_skip_keys_if_found] Skipping loading of key: net_ema.language_model.model.layers.25.mlp_moe_gen.down_proj.weight
[09-21 18:56:36|WARNING|cosmos_framework/checkpoint/dcp.py:430:_skip_keys_if_found] Skipping loading of key: net_ema.language_model.model.layers.25.mlp_moe_gen.gate_proj.weight
[09-21 18:56:36|WARNING|cosmos_framework/checkpoint/dcp.py:430:_skip_keys_if_found] Skipping loading of key: net_ema.language_model.model.layers.25.mlp_moe_gen.up_proj.weight
[09-21 18:56:36|WARNING|cosmos_framework/checkpoint/dcp.py:430:_skip_keys_if_found] Skipping loading of key: net_ema.language_model.model.layers.25.post_attention_layernorm.weight
[09-21 18:56:36|WARNING|cosmos_framework/checkpoint/dcp.py:430:_skip_keys_if_found] Skipping loading of key: net_ema.language_model.model.layers.25.post_attention_layernorm_moe_gen.weight
[09-21 18:56:36|WARNING|cosmos_framework/checkpoint/dcp.py:430:_skip_keys_if_found] Skipping loading of key: net_ema.language_model.model.layers.25.self_attn.k_norm.weight
[09-21 18:56:36|WARNING|cosmos_framework/checkpoint/dcp.py:430:_skip_keys_if_found] Skipping loading of key: net_ema.language_model.model.layers.25.self_attn.k_norm_moe_gen.weight
[09-21 18:56:36|WARNING|cosmos_framework/checkpoint/dcp.py:430:_skip_keys_if_found] Skipping loading of key: net_ema.language_model.model.layers.25.self_attn.k_proj.weight
[09-21 18:56:36|WARNING|cosmos_framework/checkpoint/dcp.py:430:_skip_keys_if_found] Skipping loading of key: net_ema.language_model.model.layers.25.self_attn.k_proj_moe_gen.weight
[09-21 18:56:36|WARNING|cosmos_framework/checkpoint/dcp.py:430:_skip_keys_if_found] Skipping loading of key: net_ema.language_model.model.layers.25.self_attn.o_proj.weight
[09-21 18:56:36|WARNING|cosmos_framework/checkpoint/dcp.py:430:_skip_keys_if_found] Skipping loading of key: net_ema.language_model.model.layers.25.self_attn.o_proj_moe_gen.weight
[09-21 18:56:36|WARNING|cosmos_framework/checkpoint/dcp.py:430:_skip_keys_if_found] Skipping loading of key: net_ema.language_model.model.layers.25.self_attn.q_norm.weight
[09-21 18:56:36|WARNING|cosmos_framework/checkpoint/dcp.py:430:_skip_keys_if_found] Skipping loading of key: net_ema.language_model.model.layers.25.self_attn.q_norm_moe_gen.weight
[09-21 18:56:36|WARNING|cosmos_framework/checkpoint/dcp.py:430:_skip_keys_if_found] Skipping loading of key: net_ema.language_model.model.layers.25.self_attn.q_proj.weight
[09-21 18:56:36|WARNING|cosmos_framework/checkpoint/dcp.py:430:_skip_keys_if_found] Skipping loading of key: net_ema.language_model.model.layers.25.self_attn.q_proj_moe_gen.weight
[09-21 18:56:36|WARNING|cosmos_framework/checkpoint/dcp.py:430:_skip_keys_if_found] Skipping loading of key: net_ema.language_model.model.layers.25.self_attn.v_proj.weight
[09-21 18:56:36|WARNING|cosmos_framework/checkpoint/dcp.py:430:_skip_keys_if_found] Skipping loading of key: net_ema.language_model.model.layers.25.self_attn.v_proj_moe_gen.weight
[09-21 18:56:36|WARNING|cosmos_framework/checkpoint/dcp.py:430:_skip_keys_if_found] Skipping loading of key: net_ema.language_model.model.layers.26.input_layernorm.weight
[09-21 18:56:36|WARNING|cosmos_framework/checkpoint/dcp.py:430:_skip_keys_if_found] Skipping loading of key: net_ema.language_model.model.layers.26.input_layernorm_moe_gen.weight
[09-21 18:56:36|WARNING|cosmos_framework/checkpoint/dcp.py:430:_skip_keys_if_found] Skipping loading of key: net_ema.language_model.model.layers.26.mlp.down_proj.weight
[09-21 18:56:36|WARNING|cosmos_framework/checkpoint/dcp.py:430:_skip_keys_if_found] Skipping loading of key: net_ema.language_model.model.layers.26.mlp.gate_proj.weight
[09-21 18:56:36|WARNING|cosmos_framework/checkpoint/dcp.py:430:_skip_keys_if_found] Skipping loading of key: net_ema.language_model.model.layers.26.mlp.up_proj.weight
[09-21 18:56:36|WARNING|cosmos_framework/checkpoint/dcp.py:430:_skip_keys_if_found] Skipping loading of key: net_ema.language_model.model.layers.26.mlp_moe_gen.down_proj.weight
[09-21 18:56:36|WARNING|cosmos_framework/checkpoint/dcp.py:430:_skip_keys_if_found] Skipping loading of key: net_ema.language_model.model.layers.26.mlp_moe_gen.gate_proj.weight
[09-21 18:56:36|WARNING|cosmos_framework/checkpoint/dcp.py:430:_skip_keys_if_found] Skipping loading of key: net_ema.language_model.model.layers.26.mlp_moe_gen.up_proj.weight
[09-21 18:56:36|WARNING|cosmos_framework/checkpoint/dcp.py:430:_skip_keys_if_found] Skipping loading of key: net_ema.language_model.model.layers.26.post_attention_layernorm.weight
[09-21 18:56:36|WARNING|cosmos_framework/checkpoint/dcp.py:430:_skip_keys_if_found] Skipping loading of key: net_ema.language_model.model.layers.26.post_attention_layernorm_moe_gen.weight
[09-21 18:56:36|WARNING|cosmos_framework/checkpoint/dcp.py:430:_skip_keys_if_found] Skipping loading of key: net_ema.language_model.model.layers.26.self_attn.k_norm.weight
[09-21 18:56:36|WARNING|cosmos_framework/checkpoint/dcp.py:430:_skip_keys_if_found] Skipping loading of key: net_ema.language_model.model.layers.26.self_attn.k_norm_moe_gen.weight
[09-21 18:56:36|WARNING|cosmos_framework/checkpoint/dcp.py:430:_skip_keys_if_found] Skipping loading of key: net_ema.language_model.model.layers.26.self_attn.k_proj.weight
[09-21 18:56:36|WARNING|cosmos_framework/checkpoint/dcp.py:430:_skip_keys_if_found] Skipping loading of key: net_ema.language_model.model.layers.26.self_attn.k_proj_moe_gen.weight
[09-21 18:56:36|WARNING|cosmos_framework/checkpoint/dcp.py:430:_skip_keys_if_found] Skipping loading of key: net_ema.language_model.model.layers.26.self_attn.o_proj.weight
[09-21 18:56:36|WARNING|cosmos_framework/checkpoint/dcp.py:430:_skip_keys_if_found] Skipping loading of key: net_ema.language_model.model.layers.26.self_attn.o_proj_moe_gen.weight
[09-21 18:56:36|WARNING|cosmos_framework/checkpoint/dcp.py:430:_skip_keys_if_found] Skipping loading of key: net_ema.language_model.model.layers.26.self_attn.q_norm.weight
[09-21 18:56:36|WARNING|cosmos_framework/checkpoint/dcp.py:430:_skip_keys_if_found] Skipping loading of key: net_ema.language_model.model.layers.26.self_attn.q_norm_moe_gen.weight
[09-21 18:56:36|WARNING|cosmos_framework/checkpoint/dcp.py:430:_skip_keys_if_found] Skipping loading of key: net_ema.language_model.model.layers.26.self_attn.q_proj.weight
[09-21 18:56:36|WARNING|cosmos_framework/checkpoint/dcp.py:430:_skip_keys_if_found] Skipping loading of key: net_ema.language_model.model.layers.26.self_attn.q_proj_moe_gen.weight
[09-21 18:56:36|WARNING|cosmos_framework/checkpoint/dcp.py:430:_skip_keys_if_found] Skipping loading of key: net_ema.language_model.model.layers.26.self_attn.v_proj.weight
[09-21 18:56:36|WARNING|cosmos_framework/checkpoint/dcp.py:430:_skip_keys_if_found] Skipping loading of key: net_ema.language_model.model.layers.26.self_attn.v_proj_moe_gen.weight
[09-21 18:56:36|WARNING|cosmos_framework/checkpoint/dcp.py:430:_skip_keys_if_found] Skipping loading of key: net_ema.language_model.model.layers.27.input_layernorm.weight
[09-21 18:56:36|WARNING|cosmos_framework/checkpoint/dcp.py:430:_skip_keys_if_found] Skipping loading of key: net_ema.language_model.model.layers.27.input_layernorm_moe_gen.weight
[09-21 18:56:36|WARNING|cosmos_framework/checkpoint/dcp.py:430:_skip_keys_if_found] Skipping loading of key: net_ema.language_model.model.layers.27.mlp.down_proj.weight
[09-21 18:56:36|WARNING|cosmos_framework/checkpoint/dcp.py:430:_skip_keys_if_found] Skipping loading of key: net_ema.language_model.model.layers.27.mlp.gate_proj.weight
[09-21 18:56:36|WARNING|cosmos_framework/checkpoint/dcp.py:430:_skip_keys_if_found] Skipping loading of key: net_ema.language_model.model.layers.27.mlp.up_proj.weight
[09-21 18:56:36|WARNING|cosmos_framework/checkpoint/dcp.py:430:_skip_keys_if_found] Skipping loading of key: net_ema.language_model.model.layers.27.mlp_moe_gen.down_proj.weight
[09-21 18:56:36|WARNING|cosmos_framework/checkpoint/dcp.py:430:_skip_keys_if_found] Skipping loading of key: net_ema.language_model.model.layers.27.mlp_moe_gen.gate_proj.weight
[09-21 18:56:36|WARNING|cosmos_framework/checkpoint/dcp.py:430:_skip_keys_if_found] Skipping loading of key: net_ema.language_model.model.layers.27.mlp_moe_gen.up_proj.weight
[09-21 18:56:36|WARNING|cosmos_framework/checkpoint/dcp.py:430:_skip_keys_if_found] Skipping loading of key: net_ema.language_model.model.layers.27.post_attention_layernorm.weight
[09-21 18:56:36|WARNING|cosmos_framework/checkpoint/dcp.py:430:_skip_keys_if_found] Skipping loading of key: net_ema.language_model.model.layers.27.post_attention_layernorm_moe_gen.weight
[09-21 18:56:36|WARNING|cosmos_framework/checkpoint/dcp.py:430:_skip_keys_if_found] Skipping loading of key: net_ema.language_model.model.layers.27.self_attn.k_norm.weight
[09-21 18:56:36|WARNING|cosmos_framework/checkpoint/dcp.py:430:_skip_keys_if_found] Skipping loading of key: net_ema.language_model.model.layers.27.self_attn.k_norm_moe_gen.weight
[09-21 18:56:36|WARNING|cosmos_framework/checkpoint/dcp.py:430:_skip_keys_if_found] Skipping loading of key: net_ema.language_model.model.layers.27.self_attn.k_proj.weight
[09-21 18:56:36|WARNING|cosmos_framework/checkpoint/dcp.py:430:_skip_keys_if_found] Skipping loading of key: net_ema.language_model.model.layers.27.self_attn.k_proj_moe_gen.weight
[09-21 18:56:36|WARNING|cosmos_framework/checkpoint/dcp.py:430:_skip_keys_if_found] Skipping loading of key: net_ema.language_model.model.layers.27.self_attn.o_proj.weight
[09-21 18:56:36|WARNING|cosmos_framework/checkpoint/dcp.py:430:_skip_keys_if_found] Skipping loading of key: net_ema.language_model.model.layers.27.self_attn.o_proj_moe_gen.weight
[09-21 18:56:36|WARNING|cosmos_framework/checkpoint/dcp.py:430:_skip_keys_if_found] Skipping loading of key: net_ema.language_model.model.layers.27.self_attn.q_norm.weight
[09-21 18:56:36|WARNING|cosmos_framework/checkpoint/dcp.py:430:_skip_keys_if_found] Skipping loading of key: net_ema.language_model.model.layers.27.self_attn.q_norm_moe_gen.weight
[09-21 18:56:36|WARNING|cosmos_framework/checkpoint/dcp.py:430:_skip_keys_if_found] Skipping loading of key: net_ema.language_model.model.layers.27.self_attn.q_proj.weight
[09-21 18:56:36|WARNING|cosmos_framework/checkpoint/dcp.py:430:_skip_keys_if_found] Skipping loading of key: net_ema.language_model.model.layers.27.self_attn.q_proj_moe_gen.weight
[09-21 18:56:36|WARNING|cosmos_framework/checkpoint/dcp.py:430:_skip_keys_if_found] Skipping loading of key: net_ema.language_model.model.layers.27.self_attn.v_proj.weight
[09-21 18:56:36|WARNING|cosmos_framework/checkpoint/dcp.py:430:_skip_keys_if_found] Skipping loading of key: net_ema.language_model.model.layers.27.self_attn.v_proj_moe_gen.weight
[09-21 18:56:36|WARNING|cosmos_framework/checkpoint/dcp.py:430:_skip_keys_if_found] Skipping loading of key: net_ema.language_model.model.layers.28.input_layernorm.weight
[09-21 18:56:36|WARNING|cosmos_framework/checkpoint/dcp.py:430:_skip_keys_if_found] Skipping loading of key: net_ema.language_model.model.layers.28.input_layernorm_moe_gen.weight
[09-21 18:56:36|WARNING|cosmos_framework/checkpoint/dcp.py:430:_skip_keys_if_found] Skipping loading of key: net_ema.language_model.model.layers.28.mlp.down_proj.weight
[09-21 18:56:36|WARNING|cosmos_framework/checkpoint/dcp.py:430:_skip_keys_if_found] Skipping loading of key: net_ema.language_model.model.layers.28.mlp.gate_proj.weight
[09-21 18:56:36|WARNING|cosmos_framework/checkpoint/dcp.py:430:_skip_keys_if_found] Skipping loading of key: net_ema.language_model.model.layers.28.mlp.up_proj.weight
[09-21 18:56:36|WARNING|cosmos_framework/checkpoint/dcp.py:430:_skip_keys_if_found] Skipping loading of key: net_ema.language_model.model.layers.28.mlp_moe_gen.down_proj.weight
[09-21 18:56:36|WARNING|cosmos_framework/checkpoint/dcp.py:430:_skip_keys_if_found] Skipping loading of key: net_ema.language_model.model.layers.28.mlp_moe_gen.gate_proj.weight
[09-21 18:56:36|WARNING|cosmos_framework/checkpoint/dcp.py:430:_skip_keys_if_found] Skipping loading of key: net_ema.language_model.model.layers.28.mlp_moe_gen.up_proj.weight
[09-21 18:56:36|WARNING|cosmos_framework/checkpoint/dcp.py:430:_skip_keys_if_found] Skipping loading of key: net_ema.language_model.model.layers.28.post_attention_layernorm.weight
[09-21 18:56:36|WARNING|cosmos_framework/checkpoint/dcp.py:430:_skip_keys_if_found] Skipping loading of key: net_ema.language_model.model.layers.28.post_attention_layernorm_moe_gen.weight
[09-21 18:56:36|WARNING|cosmos_framework/checkpoint/dcp.py:430:_skip_keys_if_found] Skipping loading of key: net_ema.language_model.model.layers.28.self_attn.k_norm.weight
[09-21 18:56:36|WARNING|cosmos_framework/checkpoint/dcp.py:430:_skip_keys_if_found] Skipping loading of key: net_ema.language_model.model.layers.28.self_attn.k_norm_moe_gen.weight
[09-21 18:56:36|WARNING|cosmos_framework/checkpoint/dcp.py:430:_skip_keys_if_found] Skipping loading of key: net_ema.language_model.model.layers.28.self_attn.k_proj.weight
[09-21 18:56:36|WARNING|cosmos_framework/checkpoint/dcp.py:430:_skip_keys_if_found] Skipping loading of key: net_ema.language_model.model.layers.28.self_attn.k_proj_moe_gen.weight
[09-21 18:56:36|WARNING|cosmos_framework/checkpoint/dcp.py:430:_skip_keys_if_found] Skipping loading of key: net_ema.language_model.model.layers.28.self_attn.o_proj.weight
[09-21 18:56:36|WARNING|cosmos_framework/checkpoint/dcp.py:430:_skip_keys_if_found] Skipping loading of key: net_ema.language_model.model.layers.28.self_attn.o_proj_moe_gen.weight
[09-21 18:56:36|WARNING|cosmos_framework/checkpoint/dcp.py:430:_skip_keys_if_found] Skipping loading of key: net_ema.language_model.model.layers.28.self_attn.q_norm.weight
[09-21 18:56:36|WARNING|cosmos_framework/checkpoint/dcp.py:430:_skip_keys_if_found] Skipping loading of key: net_ema.language_model.model.layers.28.self_attn.q_norm_moe_gen.weight
[09-21 18:56:36|WARNING|cosmos_framework/checkpoint/dcp.py:430:_skip_keys_if_found] Skipping loading of key: net_ema.language_model.model.layers.28.self_attn.q_proj.weight
[09-21 18:56:36|WARNING|cosmos_framework/checkpoint/dcp.py:430:_skip_keys_if_found] Skipping loading of key: net_ema.language_model.model.layers.28.self_attn.q_proj_moe_gen.weight
[09-21 18:56:36|WARNING|cosmos_framework/checkpoint/dcp.py:430:_skip_keys_if_found] Skipping loading of key: net_ema.language_model.model.layers.28.self_attn.v_proj.weight
[09-21 18:56:36|WARNING|cosmos_framework/checkpoint/dcp.py:430:_skip_keys_if_found] Skipping loading of key: net_ema.language_model.model.layers.28.self_attn.v_proj_moe_gen.weight
[09-21 18:56:36|WARNING|cosmos_framework/checkpoint/dcp.py:430:_skip_keys_if_found] Skipping loading of key: net_ema.language_model.model.layers.29.input_layernorm.weight
[09-21 18:56:36|WARNING|cosmos_framework/checkpoint/dcp.py:430:_skip_keys_if_found] Skipping loading of key: net_ema.language_model.model.layers.29.input_layernorm_moe_gen.weight
[09-21 18:56:36|WARNING|cosmos_framework/checkpoint/dcp.py:430:_skip_keys_if_found] Skipping loading of key: net_ema.language_model.model.layers.29.mlp.down_proj.weight
[09-21 18:56:36|WARNING|cosmos_framework/checkpoint/dcp.py:430:_skip_keys_if_found] Skipping loading of key: net_ema.language_model.model.layers.29.mlp.gate_proj.weight
[09-21 18:56:36|WARNING|cosmos_framework/checkpoint/dcp.py:430:_skip_keys_if_found] Skipping loading of key: net_ema.language_model.model.layers.29.mlp.up_proj.weight
[09-21 18:56:36|WARNING|cosmos_framework/checkpoint/dcp.py:430:_skip_keys_if_found] Skipping loading of key: net_ema.language_model.model.layers.29.mlp_moe_gen.down_proj.weight
[09-21 18:56:36|WARNING|cosmos_framework/checkpoint/dcp.py:430:_skip_keys_if_found] Skipping loading of key: net_ema.language_model.model.layers.29.mlp_moe_gen.gate_proj.weight
[09-21 18:56:36|WARNING|cosmos_framework/checkpoint/dcp.py:430:_skip_keys_if_found] Skipping loading of key: net_ema.language_model.model.layers.29.mlp_moe_gen.up_proj.weight
[09-21 18:56:36|WARNING|cosmos_framework/checkpoint/dcp.py:430:_skip_keys_if_found] Skipping loading of key: net_ema.language_model.model.layers.29.post_attention_layernorm.weight
[09-21 18:56:36|WARNING|cosmos_framework/checkpoint/dcp.py:430:_skip_keys_if_found] Skipping loading of key: net_ema.language_model.model.layers.29.post_attention_layernorm_moe_gen.weight
[09-21 18:56:36|WARNING|cosmos_framework/checkpoint/dcp.py:430:_skip_keys_if_found] Skipping loading of key: net_ema.language_model.model.layers.29.self_attn.k_norm.weight
[09-21 18:56:36|WARNING|cosmos_framework/checkpoint/dcp.py:430:_skip_keys_if_found] Skipping loading of key: net_ema.language_model.model.layers.29.self_attn.k_norm_moe_gen.weight
[09-21 18:56:36|WARNING|cosmos_framework/checkpoint/dcp.py:430:_skip_keys_if_found] Skipping loading of key: net_ema.language_model.model.layers.29.self_attn.k_proj.weight
[09-21 18:56:36|WARNING|cosmos_framework/checkpoint/dcp.py:430:_skip_keys_if_found] Skipping loading of key: net_ema.language_model.model.layers.29.self_attn.k_proj_moe_gen.weight
[09-21 18:56:36|WARNING|cosmos_framework/checkpoint/dcp.py:430:_skip_keys_if_found] Skipping loading of key: net_ema.language_model.model.layers.29.self_attn.o_proj.weight
[09-21 18:56:36|WARNING|cosmos_framework/checkpoint/dcp.py:430:_skip_keys_if_found] Skipping loading of key: net_ema.language_model.model.layers.29.self_attn.o_proj_moe_gen.weight
[09-21 18:56:36|WARNING|cosmos_framework/checkpoint/dcp.py:430:_skip_keys_if_found] Skipping loading of key: net_ema.language_model.model.layers.29.self_attn.q_norm.weight
[09-21 18:56:36|WARNING|cosmos_framework/checkpoint/dcp.py:430:_skip_keys_if_found] Skipping loading of key: net_ema.language_model.model.layers.29.self_attn.q_norm_moe_gen.weight
[09-21 18:56:36|WARNING|cosmos_framework/checkpoint/dcp.py:430:_skip_keys_if_found] Skipping loading of key: net_ema.language_model.model.layers.29.self_attn.q_proj.weight
[09-21 18:56:36|WARNING|cosmos_framework/checkpoint/dcp.py:430:_skip_keys_if_found] Skipping loading of key: net_ema.language_model.model.layers.29.self_attn.q_proj_moe_gen.weight
[09-21 18:56:36|WARNING|cosmos_framework/checkpoint/dcp.py:430:_skip_keys_if_found] Skipping loading of key: net_ema.language_model.model.layers.29.self_attn.v_proj.weight
[09-21 18:56:36|WARNING|cosmos_framework/checkpoint/dcp.py:430:_skip_keys_if_found] Skipping loading of key: net_ema.language_model.model.layers.29.self_attn.v_proj_moe_gen.weight
[09-21 18:56:36|WARNING|cosmos_framework/checkpoint/dcp.py:430:_skip_keys_if_found] Skipping loading of key: net_ema.language_model.model.layers.3.input_layernorm.weight
[09-21 18:56:36|WARNING|cosmos_framework/checkpoint/dcp.py:430:_skip_keys_if_found] Skipping loading of key: net_ema.language_model.model.layers.3.input_layernorm_moe_gen.weight
[09-21 18:56:36|WARNING|cosmos_framework/checkpoint/dcp.py:430:_skip_keys_if_found] Skipping loading of key: net_ema.language_model.model.layers.3.mlp.down_proj.weight
[09-21 18:56:36|WARNING|cosmos_framework/checkpoint/dcp.py:430:_skip_keys_if_found] Skipping loading of key: net_ema.language_model.model.layers.3.mlp.gate_proj.weight
[09-21 18:56:36|WARNING|cosmos_framework/checkpoint/dcp.py:430:_skip_keys_if_found] Skipping loading of key: net_ema.language_model.model.layers.3.mlp.up_proj.weight
[09-21 18:56:36|WARNING|cosmos_framework/checkpoint/dcp.py:430:_skip_keys_if_found] Skipping loading of key: net_ema.language_model.model.layers.3.mlp_moe_gen.down_proj.weight
[09-21 18:56:36|WARNING|cosmos_framework/checkpoint/dcp.py:430:_skip_keys_if_found] Skipping loading of key: net_ema.language_model.model.layers.3.mlp_moe_gen.gate_proj.weight
[09-21 18:56:36|WARNING|cosmos_framework/checkpoint/dcp.py:430:_skip_keys_if_found] Skipping loading of key: net_ema.language_model.model.layers.3.mlp_moe_gen.up_proj.weight
[09-21 18:56:36|WARNING|cosmos_framework/checkpoint/dcp.py:430:_skip_keys_if_found] Skipping loading of key: net_ema.language_model.model.layers.3.post_attention_layernorm.weight
[09-21 18:56:36|WARNING|cosmos_framework/checkpoint/dcp.py:430:_skip_keys_if_found] Skipping loading of key: net_ema.language_model.model.layers.3.post_attention_layernorm_moe_gen.weight
[09-21 18:56:36|WARNING|cosmos_framework/checkpoint/dcp.py:430:_skip_keys_if_found] Skipping loading of key: net_ema.language_model.model.layers.3.self_attn.k_norm.weight
[09-21 18:56:36|WARNING|cosmos_framework/checkpoint/dcp.py:430:_skip_keys_if_found] Skipping loading of key: net_ema.language_model.model.layers.3.self_attn.k_norm_moe_gen.weight
[09-21 18:56:36|WARNING|cosmos_framework/checkpoint/dcp.py:430:_skip_keys_if_found] Skipping loading of key: net_ema.language_model.model.layers.3.self_attn.k_proj.weight
[09-21 18:56:36|WARNING|cosmos_framework/checkpoint/dcp.py:430:_skip_keys_if_found] Skipping loading of key: net_ema.language_model.model.layers.3.self_attn.k_proj_moe_gen.weight
[09-21 18:56:36|WARNING|cosmos_framework/checkpoint/dcp.py:430:_skip_keys_if_found] Skipping loading of key: net_ema.language_model.model.layers.3.self_attn.o_proj.weight
[09-21 18:56:36|WARNING|cosmos_framework/checkpoint/dcp.py:430:_skip_keys_if_found] Skipping loading of key: net_ema.language_model.model.layers.3.self_attn.o_proj_moe_gen.weight
[09-21 18:56:36|WARNING|cosmos_framework/checkpoint/dcp.py:430:_skip_keys_if_found] Skipping loading of key: net_ema.language_model.model.layers.3.self_attn.q_norm.weight
[09-21 18:56:36|WARNING|cosmos_framework/checkpoint/dcp.py:430:_skip_keys_if_found] Skipping loading of key: net_ema.language_model.model.layers.3.self_attn.q_norm_moe_gen.weight
[09-21 18:56:36|WARNING|cosmos_framework/checkpoint/dcp.py:430:_skip_keys_if_found] Skipping loading of key: net_ema.language_model.model.layers.3.self_attn.q_proj.weight
[09-21 18:56:36|WARNING|cosmos_framework/checkpoint/dcp.py:430:_skip_keys_if_found] Skipping loading of key: net_ema.language_model.model.layers.3.self_attn.q_proj_moe_gen.weight
[09-21 18:56:36|WARNING|cosmos_framework/checkpoint/dcp.py:430:_skip_keys_if_found] Skipping loading of key: net_ema.language_model.model.layers.3.self_attn.v_proj.weight
[09-21 18:56:36|WARNING|cosmos_framework/checkpoint/dcp.py:430:_skip_keys_if_found] Skipping loading of key: net_ema.language_model.model.layers.3.self_attn.v_proj_moe_gen.weight
[09-21 18:56:36|WARNING|cosmos_framework/checkpoint/dcp.py:430:_skip_keys_if_found] Skipping loading of key: net_ema.language_model.model.layers.30.input_layernorm.weight
[09-21 18:56:36|WARNING|cosmos_framework/checkpoint/dcp.py:430:_skip_keys_if_found] Skipping loading of key: net_ema.language_model.model.layers.30.input_layernorm_moe_gen.weight
[09-21 18:56:36|WARNING|cosmos_framework/checkpoint/dcp.py:430:_skip_keys_if_found] Skipping loading of key: net_ema.language_model.model.layers.30.mlp.down_proj.weight
[09-21 18:56:36|WARNING|cosmos_framework/checkpoint/dcp.py:430:_skip_keys_if_found] Skipping loading of key: net_ema.language_model.model.layers.30.mlp.gate_proj.weight
[09-21 18:56:36|WARNING|cosmos_framework/checkpoint/dcp.py:430:_skip_keys_if_found] Skipping loading of key: net_ema.language_model.model.layers.30.mlp.up_proj.weight
[09-21 18:56:36|WARNING|cosmos_framework/checkpoint/dcp.py:430:_skip_keys_if_found] Skipping loading of key: net_ema.language_model.model.layers.30.mlp_moe_gen.down_proj.weight
[09-21 18:56:36|WARNING|cosmos_framework/checkpoint/dcp.py:430:_skip_keys_if_found] Skipping loading of key: net_ema.language_model.model.layers.30.mlp_moe_gen.gate_proj.weight
[09-21 18:56:36|WARNING|cosmos_framework/checkpoint/dcp.py:430:_skip_keys_if_found] Skipping loading of key: net_ema.language_model.model.layers.30.mlp_moe_gen.up_proj.weight
[09-21 18:56:36|WARNING|cosmos_framework/checkpoint/dcp.py:430:_skip_keys_if_found] Skipping loading of key: net_ema.language_model.model.layers.30.post_attention_layernorm.weight
[09-21 18:56:36|WARNING|cosmos_framework/checkpoint/dcp.py:430:_skip_keys_if_found] Skipping loading of key: net_ema.language_model.model.layers.30.post_attention_layernorm_moe_gen.weight
[09-21 18:56:36|WARNING|cosmos_framework/checkpoint/dcp.py:430:_skip_keys_if_found] Skipping loading of key: net_ema.language_model.model.layers.30.self_attn.k_norm.weight
[09-21 18:56:36|WARNING|cosmos_framework/checkpoint/dcp.py:430:_skip_keys_if_found] Skipping loading of key: net_ema.language_model.model.layers.30.self_attn.k_norm_moe_gen.weight
[09-21 18:56:36|WARNING|cosmos_framework/checkpoint/dcp.py:430:_skip_keys_if_found] Skipping loading of key: net_ema.language_model.model.layers.30.self_attn.k_proj.weight
[09-21 18:56:36|WARNING|cosmos_framework/checkpoint/dcp.py:430:_skip_keys_if_found] Skipping loading of key: net_ema.language_model.model.layers.30.self_attn.k_proj_moe_gen.weight
[09-21 18:56:36|WARNING|cosmos_framework/checkpoint/dcp.py:430:_skip_keys_if_found] Skipping loading of key: net_ema.language_model.model.layers.30.self_attn.o_proj.weight
[09-21 18:56:36|WARNING|cosmos_framework/checkpoint/dcp.py:430:_skip_keys_if_found] Skipping loading of key: net_ema.language_model.model.layers.30.self_attn.o_proj_moe_gen.weight
[09-21 18:56:36|WARNING|cosmos_framework/checkpoint/dcp.py:430:_skip_keys_if_found] Skipping loading of key: net_ema.language_model.model.layers.30.self_attn.q_norm.weight
[09-21 18:56:36|WARNING|cosmos_framework/checkpoint/dcp.py:430:_skip_keys_if_found] Skipping loading of key: net_ema.language_model.model.layers.30.self_attn.q_norm_moe_gen.weight
[09-21 18:56:36|WARNING|cosmos_framework/checkpoint/dcp.py:430:_skip_keys_if_found] Skipping loading of key: net_ema.language_model.model.layers.30.self_attn.q_proj.weight
[09-21 18:56:36|WARNING|cosmos_framework/checkpoint/dcp.py:430:_skip_keys_if_found] Skipping loading of key: net_ema.language_model.model.layers.30.self_attn.q_proj_moe_gen.weight
[09-21 18:56:36|WARNING|cosmos_framework/checkpoint/dcp.py:430:_skip_keys_if_found] Skipping loading of key: net_ema.language_model.model.layers.30.self_attn.v_proj.weight
[09-21 18:56:36|WARNING|cosmos_framework/checkpoint/dcp.py:430:_skip_keys_if_found] Skipping loading of key: net_ema.language_model.model.layers.30.self_attn.v_proj_moe_gen.weight
[09-21 18:56:36|WARNING|cosmos_framework/checkpoint/dcp.py:430:_skip_keys_if_found] Skipping loading of key: net_ema.language_model.model.layers.31.input_layernorm.weight
[09-21 18:56:36|WARNING|cosmos_framework/checkpoint/dcp.py:430:_skip_keys_if_found] Skipping loading of key: net_ema.language_model.model.layers.31.input_layernorm_moe_gen.weight
[09-21 18:56:36|WARNING|cosmos_framework/checkpoint/dcp.py:430:_skip_keys_if_found] Skipping loading of key: net_ema.language_model.model.layers.31.mlp.down_proj.weight
[09-21 18:56:36|WARNING|cosmos_framework/checkpoint/dcp.py:430:_skip_keys_if_found] Skipping loading of key: net_ema.language_model.model.layers.31.mlp.gate_proj.weight
[09-21 18:56:36|WARNING|cosmos_framework/checkpoint/dcp.py:430:_skip_keys_if_found] Skipping loading of key: net_ema.language_model.model.layers.31.mlp.up_proj.weight
[09-21 18:56:36|WARNING|cosmos_framework/checkpoint/dcp.py:430:_skip_keys_if_found] Skipping loading of key: net_ema.language_model.model.layers.31.mlp_moe_gen.down_proj.weight
[09-21 18:56:36|WARNING|cosmos_framework/checkpoint/dcp.py:430:_skip_keys_if_found] Skipping loading of key: net_ema.language_model.model.layers.31.mlp_moe_gen.gate_proj.weight
[09-21 18:56:36|WARNING|cosmos_framework/checkpoint/dcp.py:430:_skip_keys_if_found] Skipping loading of key: net_ema.language_model.model.layers.31.mlp_moe_gen.up_proj.weight
[09-21 18:56:36|WARNING|cosmos_framework/checkpoint/dcp.py:430:_skip_keys_if_found] Skipping loading of key: net_ema.language_model.model.layers.31.post_attention_layernorm.weight
[09-21 18:56:36|WARNING|cosmos_framework/checkpoint/dcp.py:430:_skip_keys_if_found] Skipping loading of key: net_ema.language_model.model.layers.31.post_attention_layernorm_moe_gen.weight
[09-21 18:56:36|WARNING|cosmos_framework/checkpoint/dcp.py:430:_skip_keys_if_found] Skipping loading of key: net_ema.language_model.model.layers.31.self_attn.k_norm.weight
[09-21 18:56:36|WARNING|cosmos_framework/checkpoint/dcp.py:430:_skip_keys_if_found] Skipping loading of key: net_ema.language_model.model.layers.31.self_attn.k_norm_moe_gen.weight
[09-21 18:56:36|WARNING|cosmos_framework/checkpoint/dcp.py:430:_skip_keys_if_found] Skipping loading of key: net_ema.language_model.model.layers.31.self_attn.k_proj.weight
[09-21 18:56:36|WARNING|cosmos_framework/checkpoint/dcp.py:430:_skip_keys_if_found] Skipping loading of key: net_ema.language_model.model.layers.31.self_attn.k_proj_moe_gen.weight
[09-21 18:56:36|WARNING|cosmos_framework/checkpoint/dcp.py:430:_skip_keys_if_found] Skipping loading of key: net_ema.language_model.model.layers.31.self_attn.o_proj.weight
[09-21 18:56:36|WARNING|cosmos_framework/checkpoint/dcp.py:430:_skip_keys_if_found] Skipping loading of key: net_ema.language_model.model.layers.31.self_attn.o_proj_moe_gen.weight
[09-21 18:56:36|WARNING|cosmos_framework/checkpoint/dcp.py:430:_skip_keys_if_found] Skipping loading of key: net_ema.language_model.model.layers.31.self_attn.q_norm.weight
[09-21 18:56:36|WARNING|cosmos_framework/checkpoint/dcp.py:430:_skip_keys_if_found] Skipping loading of key: net_ema.language_model.model.layers.31.self_attn.q_norm_moe_gen.weight
[09-21 18:56:36|WARNING|cosmos_framework/checkpoint/dcp.py:430:_skip_keys_if_found] Skipping loading of key: net_ema.language_model.model.layers.31.self_attn.q_proj.weight
[09-21 18:56:36|WARNING|cosmos_framework/checkpoint/dcp.py:430:_skip_keys_if_found] Skipping loading of key: net_ema.language_model.model.layers.31.self_attn.q_proj_moe_gen.weight
[09-21 18:56:36|WARNING|cosmos_framework/checkpoint/dcp.py:430:_skip_keys_if_found] Skipping loading of key: net_ema.language_model.model.layers.31.self_attn.v_proj.weight
[09-21 18:56:36|WARNING|cosmos_framework/checkpoint/dcp.py:430:_skip_keys_if_found] Skipping loading of key: net_ema.language_model.model.layers.31.self_attn.v_proj_moe_gen.weight
[09-21 18:56:36|WARNING|cosmos_framework/checkpoint/dcp.py:430:_skip_keys_if_found] Skipping loading of key: net_ema.language_model.model.layers.32.input_layernorm.weight
[09-21 18:56:36|WARNING|cosmos_framework/checkpoint/dcp.py:430:_skip_keys_if_found] Skipping loading of key: net_ema.language_model.model.layers.32.input_layernorm_moe_gen.weight
[09-21 18:56:36|WARNING|cosmos_framework/checkpoint/dcp.py:430:_skip_keys_if_found] Skipping loading of key: net_ema.language_model.model.layers.32.mlp.down_proj.weight
[09-21 18:56:36|WARNING|cosmos_framework/checkpoint/dcp.py:430:_skip_keys_if_found] Skipping loading of key: net_ema.language_model.model.layers.32.mlp.gate_proj.weight
[09-21 18:56:36|WARNING|cosmos_framework/checkpoint/dcp.py:430:_skip_keys_if_found] Skipping loading of key: net_ema.language_model.model.layers.32.mlp.up_proj.weight
[09-21 18:56:36|WARNING|cosmos_framework/checkpoint/dcp.py:430:_skip_keys_if_found] Skipping loading of key: net_ema.language_model.model.layers.32.mlp_moe_gen.down_proj.weight
[09-21 18:56:36|WARNING|cosmos_framework/checkpoint/dcp.py:430:_skip_keys_if_found] Skipping loading of key: net_ema.language_model.model.layers.32.mlp_moe_gen.gate_proj.weight
[09-21 18:56:36|WARNING|cosmos_framework/checkpoint/dcp.py:430:_skip_keys_if_found] Skipping loading of key: net_ema.language_model.model.layers.32.mlp_moe_gen.up_proj.weight
[09-21 18:56:36|WARNING|cosmos_framework/checkpoint/dcp.py:430:_skip_keys_if_found] Skipping loading of key: net_ema.language_model.model.layers.32.post_attention_layernorm.weight
[09-21 18:56:36|WARNING|cosmos_framework/checkpoint/dcp.py:430:_skip_keys_if_found] Skipping loading of key: net_ema.language_model.model.layers.32.post_attention_layernorm_moe_gen.weight
[09-21 18:56:36|WARNING|cosmos_framework/checkpoint/dcp.py:430:_skip_keys_if_found] Skipping loading of key: net_ema.language_model.model.layers.32.self_attn.k_norm.weight
[09-21 18:56:36|WARNING|cosmos_framework/checkpoint/dcp.py:430:_skip_keys_if_found] Skipping loading of key: net_ema.language_model.model.layers.32.self_attn.k_norm_moe_gen.weight
[09-21 18:56:36|WARNING|cosmos_framework/checkpoint/dcp.py:430:_skip_keys_if_found] Skipping loading of key: net_ema.language_model.model.layers.32.self_attn.k_proj.weight
[09-21 18:56:36|WARNING|cosmos_framework/checkpoint/dcp.py:430:_skip_keys_if_found] Skipping loading of key: net_ema.language_model.model.layers.32.self_attn.k_proj_moe_gen.weight
[09-21 18:56:36|WARNING|cosmos_framework/checkpoint/dcp.py:430:_skip_keys_if_found] Skipping loading of key: net_ema.language_model.model.layers.32.self_attn.o_proj.weight
[09-21 18:56:36|WARNING|cosmos_framework/checkpoint/dcp.py:430:_skip_keys_if_found] Skipping loading of key: net_ema.language_model.model.layers.32.self_attn.o_proj_moe_gen.weight
[09-21 18:56:36|WARNING|cosmos_framework/checkpoint/dcp.py:430:_skip_keys_if_found] Skipping loading of key: net_ema.language_model.model.layers.32.self_attn.q_norm.weight
[09-21 18:56:36|WARNING|cosmos_framework/checkpoint/dcp.py:430:_skip_keys_if_found] Skipping loading of key: net_ema.language_model.model.layers.32.self_attn.q_norm_moe_gen.weight
[09-21 18:56:36|WARNING|cosmos_framework/checkpoint/dcp.py:430:_skip_keys_if_found] Skipping loading of key: net_ema.language_model.model.layers.32.self_attn.q_proj.weight
[09-21 18:56:36|WARNING|cosmos_framework/checkpoint/dcp.py:430:_skip_keys_if_found] Skipping loading of key: net_ema.language_model.model.layers.32.self_attn.q_proj_moe_gen.weight
[09-21 18:56:36|WARNING|cosmos_framework/checkpoint/dcp.py:430:_skip_keys_if_found] Skipping loading of key: net_ema.language_model.model.layers.32.self_attn.v_proj.weight
[09-21 18:56:36|WARNING|cosmos_framework/checkpoint/dcp.py:430:_skip_keys_if_found] Skipping loading of key: net_ema.language_model.model.layers.32.self_attn.v_proj_moe_gen.weight
[09-21 18:56:36|WARNING|cosmos_framework/checkpoint/dcp.py:430:_skip_keys_if_found] Skipping loading of key: net_ema.language_model.model.layers.33.input_layernorm.weight
[09-21 18:56:36|WARNING|cosmos_framework/checkpoint/dcp.py:430:_skip_keys_if_found] Skipping loading of key: net_ema.language_model.model.layers.33.input_layernorm_moe_gen.weight
[09-21 18:56:36|WARNING|cosmos_framework/checkpoint/dcp.py:430:_skip_keys_if_found] Skipping loading of key: net_ema.language_model.model.layers.33.mlp.down_proj.weight
[09-21 18:56:36|WARNING|cosmos_framework/checkpoint/dcp.py:430:_skip_keys_if_found] Skipping loading of key: net_ema.language_model.model.layers.33.mlp.gate_proj.weight
[09-21 18:56:36|WARNING|cosmos_framework/checkpoint/dcp.py:430:_skip_keys_if_found] Skipping loading of key: net_ema.language_model.model.layers.33.mlp.up_proj.weight
[09-21 18:56:36|WARNING|cosmos_framework/checkpoint/dcp.py:430:_skip_keys_if_found] Skipping loading of key: net_ema.language_model.model.layers.33.mlp_moe_gen.down_proj.weight
[09-21 18:56:36|WARNING|cosmos_framework/checkpoint/dcp.py:430:_skip_keys_if_found] Skipping loading of key: net_ema.language_model.model.layers.33.mlp_moe_gen.gate_proj.weight
[09-21 18:56:36|WARNING|cosmos_framework/checkpoint/dcp.py:430:_skip_keys_if_found] Skipping loading of key: net_ema.language_model.model.layers.33.mlp_moe_gen.up_proj.weight
[09-21 18:56:36|WARNING|cosmos_framework/checkpoint/dcp.py:430:_skip_keys_if_found] Skipping loading of key: net_ema.language_model.model.layers.33.post_attention_layernorm.weight
[09-21 18:56:36|WARNING|cosmos_framework/checkpoint/dcp.py:430:_skip_keys_if_found] Skipping loading of key: net_ema.language_model.model.layers.33.post_attention_layernorm_moe_gen.weight
[09-21 18:56:36|WARNING|cosmos_framework/checkpoint/dcp.py:430:_skip_keys_if_found] Skipping loading of key: net_ema.language_model.model.layers.33.self_attn.k_norm.weight
[09-21 18:56:36|WARNING|cosmos_framework/checkpoint/dcp.py:430:_skip_keys_if_found] Skipping loading of key: net_ema.language_model.model.layers.33.self_attn.k_norm_moe_gen.weight
[09-21 18:56:36|WARNING|cosmos_framework/checkpoint/dcp.py:430:_skip_keys_if_found] Skipping loading of key: net_ema.language_model.model.layers.33.self_attn.k_proj.weight
[09-21 18:56:36|WARNING|cosmos_framework/checkpoint/dcp.py:430:_skip_keys_if_found] Skipping loading of key: net_ema.language_model.model.layers.33.self_attn.k_proj_moe_gen.weight
[09-21 18:56:36|WARNING|cosmos_framework/checkpoint/dcp.py:430:_skip_keys_if_found] Skipping loading of key: net_ema.language_model.model.layers.33.self_attn.o_proj.weight
[09-21 18:56:36|WARNING|cosmos_framework/checkpoint/dcp.py:430:_skip_keys_if_found] Skipping loading of key: net_ema.language_model.model.layers.33.self_attn.o_proj_moe_gen.weight
[09-21 18:56:36|WARNING|cosmos_framework/checkpoint/dcp.py:430:_skip_keys_if_found] Skipping loading of key: net_ema.language_model.model.layers.33.self_attn.q_norm.weight
[09-21 18:56:36|WARNING|cosmos_framework/checkpoint/dcp.py:430:_skip_keys_if_found] Skipping loading of key: net_ema.language_model.model.layers.33.self_attn.q_norm_moe_gen.weight
[09-21 18:56:36|WARNING|cosmos_framework/checkpoint/dcp.py:430:_skip_keys_if_found] Skipping loading of key: net_ema.language_model.model.layers.33.self_attn.q_proj.weight
[09-21 18:56:36|WARNING|cosmos_framework/checkpoint/dcp.py:430:_skip_keys_if_found] Skipping loading of key: net_ema.language_model.model.layers.33.self_attn.q_proj_moe_gen.weight
[09-21 18:56:36|INFO|cosmos_framework/checkpoint/dcp.py:408:_drop_non_reader_items] [RANK 5] [DCP-LOAD-DEDUP] kept_read_items=809 dropped_read_items=0
[09-21 18:56:36|WARNING|cosmos_framework/checkpoint/dcp.py:430:_skip_keys_if_found] Skipping loading of key: net_ema.language_model.model.layers.33.self_attn.v_proj.weight
[09-21 18:56:36|WARNING|cosmos_framework/checkpoint/dcp.py:430:_skip_keys_if_found] Skipping loading of key: net_ema.language_model.model.layers.33.self_attn.v_proj_moe_gen.weight
[09-21 18:56:36|WARNING|cosmos_framework/checkpoint/dcp.py:430:_skip_keys_if_found] Skipping loading of key: net_ema.language_model.model.layers.34.input_layernorm.weight
[09-21 18:56:36|WARNING|cosmos_framework/checkpoint/dcp.py:430:_skip_keys_if_found] Skipping loading of key: net_ema.language_model.model.layers.34.input_layernorm_moe_gen.weight
[09-21 18:56:36|WARNING|cosmos_framework/checkpoint/dcp.py:430:_skip_keys_if_found] Skipping loading of key: net_ema.language_model.model.layers.34.mlp.down_proj.weight
[09-21 18:56:36|WARNING|cosmos_framework/checkpoint/dcp.py:430:_skip_keys_if_found] Skipping loading of key: net_ema.language_model.model.layers.34.mlp.gate_proj.weight
[09-21 18:56:36|WARNING|cosmos_framework/checkpoint/dcp.py:430:_skip_keys_if_found] Skipping loading of key: net_ema.language_model.model.layers.34.mlp.up_proj.weight
[09-21 18:56:36|WARNING|cosmos_framework/checkpoint/dcp.py:430:_skip_keys_if_found] Skipping loading of key: net_ema.language_model.model.layers.34.mlp_moe_gen.down_proj.weight
[09-21 18:56:36|WARNING|cosmos_framework/checkpoint/dcp.py:430:_skip_keys_if_found] Skipping loading of key: net_ema.language_model.model.layers.34.mlp_moe_gen.gate_proj.weight
[09-21 18:56:36|WARNING|cosmos_framework/checkpoint/dcp.py:430:_skip_keys_if_found] Skipping loading of key: net_ema.language_model.model.layers.34.mlp_moe_gen.up_proj.weight
[09-21 18:56:36|WARNING|cosmos_framework/checkpoint/dcp.py:430:_skip_keys_if_found] Skipping loading of key: net_ema.language_model.model.layers.34.post_attention_layernorm.weight
[09-21 18:56:36|WARNING|cosmos_framework/checkpoint/dcp.py:430:_skip_keys_if_found] Skipping loading of key: net_ema.language_model.model.layers.34.post_attention_layernorm_moe_gen.weight
[09-21 18:56:36|WARNING|cosmos_framework/checkpoint/dcp.py:430:_skip_keys_if_found] Skipping loading of key: net_ema.language_model.model.layers.34.self_attn.k_norm.weight
[09-21 18:56:36|WARNING|cosmos_framework/checkpoint/dcp.py:430:_skip_keys_if_found] Skipping loading of key: net_ema.language_model.model.layers.34.self_attn.k_norm_moe_gen.weight
[09-21 18:56:36|WARNING|cosmos_framework/checkpoint/dcp.py:430:_skip_keys_if_found] Skipping loading of key: net_ema.language_model.model.layers.34.self_attn.k_proj.weight
[09-21 18:56:36|WARNING|cosmos_framework/checkpoint/dcp.py:430:_skip_keys_if_found] Skipping loading of key: net_ema.language_model.model.layers.34.self_attn.k_proj_moe_gen.weight
[09-21 18:56:36|WARNING|cosmos_framework/checkpoint/dcp.py:430:_skip_keys_if_found] Skipping loading of key: net_ema.language_model.model.layers.34.self_attn.o_proj.weight
[09-21 18:56:36|WARNING|cosmos_framework/checkpoint/dcp.py:430:_skip_keys_if_found] Skipping loading of key: net_ema.language_model.model.layers.34.self_attn.o_proj_moe_gen.weight
[09-21 18:56:36|WARNING|cosmos_framework/checkpoint/dcp.py:430:_skip_keys_if_found] Skipping loading of key: net_ema.language_model.model.layers.34.self_attn.q_norm.weight
[09-21 18:56:36|WARNING|cosmos_framework/checkpoint/dcp.py:430:_skip_keys_if_found] Skipping loading of key: net_ema.language_model.model.layers.34.self_attn.q_norm_moe_gen.weight
[09-21 18:56:36|WARNING|cosmos_framework/checkpoint/dcp.py:430:_skip_keys_if_found] Skipping loading of key: net_ema.language_model.model.layers.34.self_attn.q_proj.weight
[09-21 18:56:36|WARNING|cosmos_framework/checkpoint/dcp.py:430:_skip_keys_if_found] Skipping loading of key: net_ema.language_model.model.layers.34.self_attn.q_proj_moe_gen.weight
[09-21 18:56:36|WARNING|cosmos_framework/checkpoint/dcp.py:430:_skip_keys_if_found] Skipping loading of key: net_ema.language_model.model.layers.34.self_attn.v_proj.weight
[09-21 18:56:36|WARNING|cosmos_framework/checkpoint/dcp.py:430:_skip_keys_if_found] Skipping loading of key: net_ema.language_model.model.layers.34.self_attn.v_proj_moe_gen.weight
[09-21 18:56:36|WARNING|cosmos_framework/checkpoint/dcp.py:430:_skip_keys_if_found] Skipping loading of key: net_ema.language_model.model.layers.35.input_layernorm.weight
[09-21 18:56:36|WARNING|cosmos_framework/checkpoint/dcp.py:430:_skip_keys_if_found] Skipping loading of key: net_ema.language_model.model.layers.35.input_layernorm_moe_gen.weight
[09-21 18:56:36|WARNING|cosmos_framework/checkpoint/dcp.py:430:_skip_keys_if_found] Skipping loading of key: net_ema.language_model.model.layers.35.mlp.down_proj.weight
[09-21 18:56:36|WARNING|cosmos_framework/checkpoint/dcp.py:430:_skip_keys_if_found] Skipping loading of key: net_ema.language_model.model.layers.35.mlp.gate_proj.weight
[09-21 18:56:36|WARNING|cosmos_framework/checkpoint/dcp.py:430:_skip_keys_if_found] Skipping loading of key: net_ema.language_model.model.layers.35.mlp.up_proj.weight
[09-21 18:56:36|WARNING|cosmos_framework/checkpoint/dcp.py:430:_skip_keys_if_found] Skipping loading of key: net_ema.language_model.model.layers.35.mlp_moe_gen.down_proj.weight
[09-21 18:56:36|WARNING|cosmos_framework/checkpoint/dcp.py:430:_skip_keys_if_found] Skipping loading of key: net_ema.language_model.model.layers.35.mlp_moe_gen.gate_proj.weight
[09-21 18:56:36|WARNING|cosmos_framework/checkpoint/dcp.py:430:_skip_keys_if_found] Skipping loading of key: net_ema.language_model.model.layers.35.mlp_moe_gen.up_proj.weight
[09-21 18:56:36|WARNING|cosmos_framework/checkpoint/dcp.py:430:_skip_keys_if_found] Skipping loading of key: net_ema.language_model.model.layers.35.post_attention_layernorm.weight
[09-21 18:56:36|WARNING|cosmos_framework/checkpoint/dcp.py:430:_skip_keys_if_found] Skipping loading of key: net_ema.language_model.model.layers.35.post_attention_layernorm_moe_gen.weight
[09-21 18:56:36|WARNING|cosmos_framework/checkpoint/dcp.py:430:_skip_keys_if_found] Skipping loading of key: net_ema.language_model.model.layers.35.self_attn.k_norm.weight
[09-21 18:56:36|WARNING|cosmos_framework/checkpoint/dcp.py:430:_skip_keys_if_found] Skipping loading of key: net_ema.language_model.model.layers.35.self_attn.k_norm_moe_gen.weight
[09-21 18:56:36|WARNING|cosmos_framework/checkpoint/dcp.py:430:_skip_keys_if_found] Skipping loading of key: net_ema.language_model.model.layers.35.self_attn.k_proj.weight
[09-21 18:56:36|WARNING|cosmos_framework/checkpoint/dcp.py:430:_skip_keys_if_found] Skipping loading of key: net_ema.language_model.model.layers.35.self_attn.k_proj_moe_gen.weight
[09-21 18:56:36|WARNING|cosmos_framework/checkpoint/dcp.py:430:_skip_keys_if_found] Skipping loading of key: net_ema.language_model.model.layers.35.self_attn.o_proj.weight
[09-21 18:56:36|WARNING|cosmos_framework/checkpoint/dcp.py:430:_skip_keys_if_found] Skipping loading of key: net_ema.language_model.model.layers.35.self_attn.o_proj_moe_gen.weight
[09-21 18:56:36|WARNING|cosmos_framework/checkpoint/dcp.py:430:_skip_keys_if_found] Skipping loading of key: net_ema.language_model.model.layers.35.self_attn.q_norm.weight
[09-21 18:56:36|WARNING|cosmos_framework/checkpoint/dcp.py:430:_skip_keys_if_found] Skipping loading of key: net_ema.language_model.model.layers.35.self_attn.q_norm_moe_gen.weight
[09-21 18:56:36|WARNING|cosmos_framework/checkpoint/dcp.py:430:_skip_keys_if_found] Skipping loading of key: net_ema.language_model.model.layers.35.self_attn.q_proj.weight
[09-21 18:56:36|WARNING|cosmos_framework/checkpoint/dcp.py:430:_skip_keys_if_found] Skipping loading of key: net_ema.language_model.model.layers.35.self_attn.q_proj_moe_gen.weight
[09-21 18:56:36|WARNING|cosmos_framework/checkpoint/dcp.py:430:_skip_keys_if_found] Skipping loading of key: net_ema.language_model.model.layers.35.self_attn.v_proj.weight
[09-21 18:56:36|WARNING|cosmos_framework/checkpoint/dcp.py:430:_skip_keys_if_found] Skipping loading of key: net_ema.language_model.model.layers.35.self_attn.v_proj_moe_gen.weight
[09-21 18:56:36|WARNING|cosmos_framework/checkpoint/dcp.py:430:_skip_keys_if_found] Skipping loading of key: net_ema.language_model.model.layers.4.input_layernorm.weight
[09-21 18:56:36|WARNING|cosmos_framework/checkpoint/dcp.py:430:_skip_keys_if_found] Skipping loading of key: net_ema.language_model.model.layers.4.input_layernorm_moe_gen.weight
[09-21 18:56:36|WARNING|cosmos_framework/checkpoint/dcp.py:430:_skip_keys_if_found] Skipping loading of key: net_ema.language_model.model.layers.4.mlp.down_proj.weight
[09-21 18:56:36|WARNING|cosmos_framework/checkpoint/dcp.py:430:_skip_keys_if_found] Skipping loading of key: net_ema.language_model.model.layers.4.mlp.gate_proj.weight
[09-21 18:56:36|WARNING|cosmos_framework/checkpoint/dcp.py:430:_skip_keys_if_found] Skipping loading of key: net_ema.language_model.model.layers.4.mlp.up_proj.weight
[09-21 18:56:36|WARNING|cosmos_framework/checkpoint/dcp.py:430:_skip_keys_if_found] Skipping loading of key: net_ema.language_model.model.layers.4.mlp_moe_gen.down_proj.weight
[09-21 18:56:36|WARNING|cosmos_framework/checkpoint/dcp.py:430:_skip_keys_if_found] Skipping loading of key: net_ema.language_model.model.layers.4.mlp_moe_gen.gate_proj.weight
[09-21 18:56:36|WARNING|cosmos_framework/checkpoint/dcp.py:430:_skip_keys_if_found] Skipping loading of key: net_ema.language_model.model.layers.4.mlp_moe_gen.up_proj.weight
[09-21 18:56:36|WARNING|cosmos_framework/checkpoint/dcp.py:430:_skip_keys_if_found] Skipping loading of key: net_ema.language_model.model.layers.4.post_attention_layernorm.weight
[09-21 18:56:36|WARNING|cosmos_framework/checkpoint/dcp.py:430:_skip_keys_if_found] Skipping loading of key: net_ema.language_model.model.layers.4.post_attention_layernorm_moe_gen.weight
[09-21 18:56:36|WARNING|cosmos_framework/checkpoint/dcp.py:430:_skip_keys_if_found] Skipping loading of key: net_ema.language_model.model.layers.4.self_attn.k_norm.weight
[09-21 18:56:36|WARNING|cosmos_framework/checkpoint/dcp.py:430:_skip_keys_if_found] Skipping loading of key: net_ema.language_model.model.layers.4.self_attn.k_norm_moe_gen.weight
[09-21 18:56:36|WARNING|cosmos_framework/checkpoint/dcp.py:430:_skip_keys_if_found] Skipping loading of key: net_ema.language_model.model.layers.4.self_attn.k_proj.weight
[09-21 18:56:36|WARNING|cosmos_framework/checkpoint/dcp.py:430:_skip_keys_if_found] Skipping loading of key: net_ema.language_model.model.layers.4.self_attn.k_proj_moe_gen.weight
[09-21 18:56:36|WARNING|cosmos_framework/checkpoint/dcp.py:430:_skip_keys_if_found] Skipping loading of key: net_ema.language_model.model.layers.4.self_attn.o_proj.weight
[09-21 18:56:36|WARNING|cosmos_framework/checkpoint/dcp.py:430:_skip_keys_if_found] Skipping loading of key: net_ema.language_model.model.layers.4.self_attn.o_proj_moe_gen.weight
[09-21 18:56:36|WARNING|cosmos_framework/checkpoint/dcp.py:430:_skip_keys_if_found] Skipping loading of key: net_ema.language_model.model.layers.4.self_attn.q_norm.weight
[09-21 18:56:36|WARNING|cosmos_framework/checkpoint/dcp.py:430:_skip_keys_if_found] Skipping loading of key: net_ema.language_model.model.layers.4.self_attn.q_norm_moe_gen.weight
[09-21 18:56:36|WARNING|cosmos_framework/checkpoint/dcp.py:430:_skip_keys_if_found] Skipping loading of key: net_ema.language_model.model.layers.4.self_attn.q_proj.weight
[09-21 18:56:36|WARNING|cosmos_framework/checkpoint/dcp.py:430:_skip_keys_if_found] Skipping loading of key: net_ema.language_model.model.layers.4.self_attn.q_proj_moe_gen.weight
[09-21 18:56:36|WARNING|cosmos_framework/checkpoint/dcp.py:430:_skip_keys_if_found] Skipping loading of key: net_ema.language_model.model.layers.4.self_attn.v_proj.weight
[09-21 18:56:36|WARNING|cosmos_framework/checkpoint/dcp.py:430:_skip_keys_if_found] Skipping loading of key: net_ema.language_model.model.layers.4.self_attn.v_proj_moe_gen.weight
[09-21 18:56:36|WARNING|cosmos_framework/checkpoint/dcp.py:430:_skip_keys_if_found] Skipping loading of key: net_ema.language_model.model.layers.5.input_layernorm.weight
[09-21 18:56:36|WARNING|cosmos_framework/checkpoint/dcp.py:430:_skip_keys_if_found] Skipping loading of key: net_ema.language_model.model.layers.5.input_layernorm_moe_gen.weight
[09-21 18:56:36|WARNING|cosmos_framework/checkpoint/dcp.py:430:_skip_keys_if_found] Skipping loading of key: net_ema.language_model.model.layers.5.mlp.down_proj.weight
[09-21 18:56:36|WARNING|cosmos_framework/checkpoint/dcp.py:430:_skip_keys_if_found] Skipping loading of key: net_ema.language_model.model.layers.5.mlp.gate_proj.weight
[09-21 18:56:36|WARNING|cosmos_framework/checkpoint/dcp.py:430:_skip_keys_if_found] Skipping loading of key: net_ema.language_model.model.layers.5.mlp.up_proj.weight
[09-21 18:56:36|WARNING|cosmos_framework/checkpoint/dcp.py:430:_skip_keys_if_found] Skipping loading of key: net_ema.language_model.model.layers.5.mlp_moe_gen.down_proj.weight
[09-21 18:56:36|WARNING|cosmos_framework/checkpoint/dcp.py:430:_skip_keys_if_found] Skipping loading of key: net_ema.language_model.model.layers.5.mlp_moe_gen.gate_proj.weight
[09-21 18:56:36|WARNING|cosmos_framework/checkpoint/dcp.py:430:_skip_keys_if_found] Skipping loading of key: net_ema.language_model.model.layers.5.mlp_moe_gen.up_proj.weight
[09-21 18:56:36|WARNING|cosmos_framework/checkpoint/dcp.py:430:_skip_keys_if_found] Skipping loading of key: net_ema.language_model.model.layers.5.post_attention_layernorm.weight
[09-21 18:56:36|INFO|cosmos_framework/checkpoint/dcp.py:408:_drop_non_reader_items] [RANK 4] [DCP-LOAD-DEDUP] kept_read_items=809 dropped_read_items=0
[09-21 18:56:36|WARNING|cosmos_framework/checkpoint/dcp.py:430:_skip_keys_if_found] Skipping loading of key: net_ema.language_model.model.layers.5.post_attention_layernorm_moe_gen.weight
[09-21 18:56:36|WARNING|cosmos_framework/checkpoint/dcp.py:430:_skip_keys_if_found] Skipping loading of key: net_ema.language_model.model.layers.5.self_attn.k_norm.weight
[09-21 18:56:36|WARNING|cosmos_framework/checkpoint/dcp.py:430:_skip_keys_if_found] Skipping loading of key: net_ema.language_model.model.layers.5.self_attn.k_norm_moe_gen.weight
[09-21 18:56:36|WARNING|cosmos_framework/checkpoint/dcp.py:430:_skip_keys_if_found] Skipping loading of key: net_ema.language_model.model.layers.5.self_attn.k_proj.weight
[09-21 18:56:36|WARNING|cosmos_framework/checkpoint/dcp.py:430:_skip_keys_if_found] Skipping loading of key: net_ema.language_model.model.layers.5.self_attn.k_proj_moe_gen.weight
[09-21 18:56:36|WARNING|cosmos_framework/checkpoint/dcp.py:430:_skip_keys_if_found] Skipping loading of key: net_ema.language_model.model.layers.5.self_attn.o_proj.weight
[09-21 18:56:36|WARNING|cosmos_framework/checkpoint/dcp.py:430:_skip_keys_if_found] Skipping loading of key: net_ema.language_model.model.layers.5.self_attn.o_proj_moe_gen.weight
[09-21 18:56:36|WARNING|cosmos_framework/checkpoint/dcp.py:430:_skip_keys_if_found] Skipping loading of key: net_ema.language_model.model.layers.5.self_attn.q_norm.weight
[09-21 18:56:36|WARNING|cosmos_framework/checkpoint/dcp.py:430:_skip_keys_if_found] Skipping loading of key: net_ema.language_model.model.layers.5.self_attn.q_norm_moe_gen.weight
[09-21 18:56:36|WARNING|cosmos_framework/checkpoint/dcp.py:430:_skip_keys_if_found] Skipping loading of key: net_ema.language_model.model.layers.5.self_attn.q_proj.weight
[09-21 18:56:36|WARNING|cosmos_framework/checkpoint/dcp.py:430:_skip_keys_if_found] Skipping loading of key: net_ema.language_model.model.layers.5.self_attn.q_proj_moe_gen.weight
[09-21 18:56:36|WARNING|cosmos_framework/checkpoint/dcp.py:430:_skip_keys_if_found] Skipping loading of key: net_ema.language_model.model.layers.5.self_attn.v_proj.weight
[09-21 18:56:36|WARNING|cosmos_framework/checkpoint/dcp.py:430:_skip_keys_if_found] Skipping loading of key: net_ema.language_model.model.layers.5.self_attn.v_proj_moe_gen.weight
[09-21 18:56:36|WARNING|cosmos_framework/checkpoint/dcp.py:430:_skip_keys_if_found] Skipping loading of key: net_ema.language_model.model.layers.6.input_layernorm.weight
[09-21 18:56:36|WARNING|cosmos_framework/checkpoint/dcp.py:430:_skip_keys_if_found] Skipping loading of key: net_ema.language_model.model.layers.6.input_layernorm_moe_gen.weight
[09-21 18:56:36|WARNING|cosmos_framework/checkpoint/dcp.py:430:_skip_keys_if_found] Skipping loading of key: net_ema.language_model.model.layers.6.mlp.down_proj.weight
[09-21 18:56:36|WARNING|cosmos_framework/checkpoint/dcp.py:430:_skip_keys_if_found] Skipping loading of key: net_ema.language_model.model.layers.6.mlp.gate_proj.weight
[09-21 18:56:36|WARNING|cosmos_framework/checkpoint/dcp.py:430:_skip_keys_if_found] Skipping loading of key: net_ema.language_model.model.layers.6.mlp.up_proj.weight
[09-21 18:56:36|WARNING|cosmos_framework/checkpoint/dcp.py:430:_skip_keys_if_found] Skipping loading of key: net_ema.language_model.model.layers.6.mlp_moe_gen.down_proj.weight
[09-21 18:56:36|WARNING|cosmos_framework/checkpoint/dcp.py:430:_skip_keys_if_found] Skipping loading of key: net_ema.language_model.model.layers.6.mlp_moe_gen.gate_proj.weight
[09-21 18:56:36|WARNING|cosmos_framework/checkpoint/dcp.py:430:_skip_keys_if_found] Skipping loading of key: net_ema.language_model.model.layers.6.mlp_moe_gen.up_proj.weight
[09-21 18:56:36|WARNING|cosmos_framework/checkpoint/dcp.py:430:_skip_keys_if_found] Skipping loading of key: net_ema.language_model.model.layers.6.post_attention_layernorm.weight
[09-21 18:56:36|WARNING|cosmos_framework/checkpoint/dcp.py:430:_skip_keys_if_found] Skipping loading of key: net_ema.language_model.model.layers.6.post_attention_layernorm_moe_gen.weight
[09-21 18:56:36|WARNING|cosmos_framework/checkpoint/dcp.py:430:_skip_keys_if_found] Skipping loading of key: net_ema.language_model.model.layers.6.self_attn.k_norm.weight
[09-21 18:56:36|WARNING|cosmos_framework/checkpoint/dcp.py:430:_skip_keys_if_found] Skipping loading of key: net_ema.language_model.model.layers.6.self_attn.k_norm_moe_gen.weight
[09-21 18:56:36|WARNING|cosmos_framework/checkpoint/dcp.py:430:_skip_keys_if_found] Skipping loading of key: net_ema.language_model.model.layers.6.self_attn.k_proj.weight
[09-21 18:56:36|WARNING|cosmos_framework/checkpoint/dcp.py:430:_skip_keys_if_found] Skipping loading of key: net_ema.language_model.model.layers.6.self_attn.k_proj_moe_gen.weight
[09-21 18:56:36|WARNING|cosmos_framework/checkpoint/dcp.py:430:_skip_keys_if_found] Skipping loading of key: net_ema.language_model.model.layers.6.self_attn.o_proj.weight
[09-21 18:56:36|WARNING|cosmos_framework/checkpoint/dcp.py:430:_skip_keys_if_found] Skipping loading of key: net_ema.language_model.model.layers.6.self_attn.o_proj_moe_gen.weight
[09-21 18:56:36|WARNING|cosmos_framework/checkpoint/dcp.py:430:_skip_keys_if_found] Skipping loading of key: net_ema.language_model.model.layers.6.self_attn.q_norm.weight
[09-21 18:56:36|WARNING|cosmos_framework/checkpoint/dcp.py:430:_skip_keys_if_found] Skipping loading of key: net_ema.language_model.model.layers.6.self_attn.q_norm_moe_gen.weight
[09-21 18:56:36|WARNING|cosmos_framework/checkpoint/dcp.py:430:_skip_keys_if_found] Skipping loading of key: net_ema.language_model.model.layers.6.self_attn.q_proj.weight
[09-21 18:56:36|WARNING|cosmos_framework/checkpoint/dcp.py:430:_skip_keys_if_found] Skipping loading of key: net_ema.language_model.model.layers.6.self_attn.q_proj_moe_gen.weight
[09-21 18:56:36|WARNING|cosmos_framework/checkpoint/dcp.py:430:_skip_keys_if_found] Skipping loading of key: net_ema.language_model.model.layers.6.self_attn.v_proj.weight
[09-21 18:56:36|WARNING|cosmos_framework/checkpoint/dcp.py:430:_skip_keys_if_found] Skipping loading of key: net_ema.language_model.model.layers.6.self_attn.v_proj_moe_gen.weight
[09-21 18:56:36|WARNING|cosmos_framework/checkpoint/dcp.py:430:_skip_keys_if_found] Skipping loading of key: net_ema.language_model.model.layers.7.input_layernorm.weight
[09-21 18:56:36|WARNING|cosmos_framework/checkpoint/dcp.py:430:_skip_keys_if_found] Skipping loading of key: net_ema.language_model.model.layers.7.input_layernorm_moe_gen.weight
[09-21 18:56:36|WARNING|cosmos_framework/checkpoint/dcp.py:430:_skip_keys_if_found] Skipping loading of key: net_ema.language_model.model.layers.7.mlp.down_proj.weight
[09-21 18:56:36|WARNING|cosmos_framework/checkpoint/dcp.py:430:_skip_keys_if_found] Skipping loading of key: net_ema.language_model.model.layers.7.mlp.gate_proj.weight
[09-21 18:56:36|WARNING|cosmos_framework/checkpoint/dcp.py:430:_skip_keys_if_found] Skipping loading of key: net_ema.language_model.model.layers.7.mlp.up_proj.weight
[09-21 18:56:36|WARNING|cosmos_framework/checkpoint/dcp.py:430:_skip_keys_if_found] Skipping loading of key: net_ema.language_model.model.layers.7.mlp_moe_gen.down_proj.weight
[09-21 18:56:36|WARNING|cosmos_framework/checkpoint/dcp.py:430:_skip_keys_if_found] Skipping loading of key: net_ema.language_model.model.layers.7.mlp_moe_gen.gate_proj.weight
[09-21 18:56:36|WARNING|cosmos_framework/checkpoint/dcp.py:430:_skip_keys_if_found] Skipping loading of key: net_ema.language_model.model.layers.7.mlp_moe_gen.up_proj.weight
[09-21 18:56:36|WARNING|cosmos_framework/checkpoint/dcp.py:430:_skip_keys_if_found] Skipping loading of key: net_ema.language_model.model.layers.7.post_attention_layernorm.weight
[09-21 18:56:36|WARNING|cosmos_framework/checkpoint/dcp.py:430:_skip_keys_if_found] Skipping loading of key: net_ema.language_model.model.layers.7.post_attention_layernorm_moe_gen.weight
[09-21 18:56:36|WARNING|cosmos_framework/checkpoint/dcp.py:430:_skip_keys_if_found] Skipping loading of key: net_ema.language_model.model.layers.7.self_attn.k_norm.weight
[09-21 18:56:36|WARNING|cosmos_framework/checkpoint/dcp.py:430:_skip_keys_if_found] Skipping loading of key: net_ema.language_model.model.layers.7.self_attn.k_norm_moe_gen.weight
[09-21 18:56:36|WARNING|cosmos_framework/checkpoint/dcp.py:430:_skip_keys_if_found] Skipping loading of key: net_ema.language_model.model.layers.7.self_attn.k_proj.weight
[09-21 18:56:36|WARNING|cosmos_framework/checkpoint/dcp.py:430:_skip_keys_if_found] Skipping loading of key: net_ema.language_model.model.layers.7.self_attn.k_proj_moe_gen.weight
[09-21 18:56:36|WARNING|cosmos_framework/checkpoint/dcp.py:430:_skip_keys_if_found] Skipping loading of key: net_ema.language_model.model.layers.7.self_attn.o_proj.weight
[09-21 18:56:36|WARNING|cosmos_framework/checkpoint/dcp.py:430:_skip_keys_if_found] Skipping loading of key: net_ema.language_model.model.layers.7.self_attn.o_proj_moe_gen.weight
[09-21 18:56:36|WARNING|cosmos_framework/checkpoint/dcp.py:430:_skip_keys_if_found] Skipping loading of key: net_ema.language_model.model.layers.7.self_attn.q_norm.weight
[09-21 18:56:36|WARNING|cosmos_framework/checkpoint/dcp.py:430:_skip_keys_if_found] Skipping loading of key: net_ema.language_model.model.layers.7.self_attn.q_norm_moe_gen.weight
[09-21 18:56:36|WARNING|cosmos_framework/checkpoint/dcp.py:430:_skip_keys_if_found] Skipping loading of key: net_ema.language_model.model.layers.7.self_attn.q_proj.weight
[09-21 18:56:36|WARNING|cosmos_framework/checkpoint/dcp.py:430:_skip_keys_if_found] Skipping loading of key: net_ema.language_model.model.layers.7.self_attn.q_proj_moe_gen.weight
[09-21 18:56:36|WARNING|cosmos_framework/checkpoint/dcp.py:430:_skip_keys_if_found] Skipping loading of key: net_ema.language_model.model.layers.7.self_attn.v_proj.weight
[09-21 18:56:36|WARNING|cosmos_framework/checkpoint/dcp.py:430:_skip_keys_if_found] Skipping loading of key: net_ema.language_model.model.layers.7.self_attn.v_proj_moe_gen.weight
[09-21 18:56:36|WARNING|cosmos_framework/checkpoint/dcp.py:430:_skip_keys_if_found] Skipping loading of key: net_ema.language_model.model.layers.8.input_layernorm.weight
[09-21 18:56:36|WARNING|cosmos_framework/checkpoint/dcp.py:430:_skip_keys_if_found] Skipping loading of key: net_ema.language_model.model.layers.8.input_layernorm_moe_gen.weight
[09-21 18:56:36|WARNING|cosmos_framework/checkpoint/dcp.py:430:_skip_keys_if_found] Skipping loading of key: net_ema.language_model.model.layers.8.mlp.down_proj.weight
[09-21 18:56:36|WARNING|cosmos_framework/checkpoint/dcp.py:430:_skip_keys_if_found] Skipping loading of key: net_ema.language_model.model.layers.8.mlp.gate_proj.weight
[09-21 18:56:36|WARNING|cosmos_framework/checkpoint/dcp.py:430:_skip_keys_if_found] Skipping loading of key: net_ema.language_model.model.layers.8.mlp.up_proj.weight
[09-21 18:56:36|WARNING|cosmos_framework/checkpoint/dcp.py:430:_skip_keys_if_found] Skipping loading of key: net_ema.language_model.model.layers.8.mlp_moe_gen.down_proj.weight
[09-21 18:56:36|WARNING|cosmos_framework/checkpoint/dcp.py:430:_skip_keys_if_found] Skipping loading of key: net_ema.language_model.model.layers.8.mlp_moe_gen.gate_proj.weight
[09-21 18:56:36|WARNING|cosmos_framework/checkpoint/dcp.py:430:_skip_keys_if_found] Skipping loading of key: net_ema.language_model.model.layers.8.mlp_moe_gen.up_proj.weight
[09-21 18:56:36|WARNING|cosmos_framework/checkpoint/dcp.py:430:_skip_keys_if_found] Skipping loading of key: net_ema.language_model.model.layers.8.post_attention_layernorm.weight
[09-21 18:56:36|WARNING|cosmos_framework/checkpoint/dcp.py:430:_skip_keys_if_found] Skipping loading of key: net_ema.language_model.model.layers.8.post_attention_layernorm_moe_gen.weight
[09-21 18:56:36|WARNING|cosmos_framework/checkpoint/dcp.py:430:_skip_keys_if_found] Skipping loading of key: net_ema.language_model.model.layers.8.self_attn.k_norm.weight
[09-21 18:56:36|WARNING|cosmos_framework/checkpoint/dcp.py:430:_skip_keys_if_found] Skipping loading of key: net_ema.language_model.model.layers.8.self_attn.k_norm_moe_gen.weight
[09-21 18:56:36|WARNING|cosmos_framework/checkpoint/dcp.py:430:_skip_keys_if_found] Skipping loading of key: net_ema.language_model.model.layers.8.self_attn.k_proj.weight
[09-21 18:56:36|WARNING|cosmos_framework/checkpoint/dcp.py:430:_skip_keys_if_found] Skipping loading of key: net_ema.language_model.model.layers.8.self_attn.k_proj_moe_gen.weight
[09-21 18:56:36|WARNING|cosmos_framework/checkpoint/dcp.py:430:_skip_keys_if_found] Skipping loading of key: net_ema.language_model.model.layers.8.self_attn.o_proj.weight
[09-21 18:56:36|WARNING|cosmos_framework/checkpoint/dcp.py:430:_skip_keys_if_found] Skipping loading of key: net_ema.language_model.model.layers.8.self_attn.o_proj_moe_gen.weight
[09-21 18:56:36|WARNING|cosmos_framework/checkpoint/dcp.py:430:_skip_keys_if_found] Skipping loading of key: net_ema.language_model.model.layers.8.self_attn.q_norm.weight
[09-21 18:56:36|WARNING|cosmos_framework/checkpoint/dcp.py:430:_skip_keys_if_found] Skipping loading of key: net_ema.language_model.model.layers.8.self_attn.q_norm_moe_gen.weight
[09-21 18:56:36|WARNING|cosmos_framework/checkpoint/dcp.py:430:_skip_keys_if_found] Skipping loading of key: net_ema.language_model.model.layers.8.self_attn.q_proj.weight
[09-21 18:56:36|WARNING|cosmos_framework/checkpoint/dcp.py:430:_skip_keys_if_found] Skipping loading of key: net_ema.language_model.model.layers.8.self_attn.q_proj_moe_gen.weight
[09-21 18:56:36|WARNING|cosmos_framework/checkpoint/dcp.py:430:_skip_keys_if_found] Skipping loading of key: net_ema.language_model.model.layers.8.self_attn.v_proj.weight
[09-21 18:56:36|WARNING|cosmos_framework/checkpoint/dcp.py:430:_skip_keys_if_found] Skipping loading of key: net_ema.language_model.model.layers.8.self_attn.v_proj_moe_gen.weight
[09-21 18:56:36|WARNING|cosmos_framework/checkpoint/dcp.py:430:_skip_keys_if_found] Skipping loading of key: net_ema.language_model.model.layers.9.input_layernorm.weight
[09-21 18:56:36|WARNING|cosmos_framework/checkpoint/dcp.py:430:_skip_keys_if_found] Skipping loading of key: net_ema.language_model.model.layers.9.input_layernorm_moe_gen.weight
[09-21 18:56:36|WARNING|cosmos_framework/checkpoint/dcp.py:430:_skip_keys_if_found] Skipping loading of key: net_ema.language_model.model.layers.9.mlp.down_proj.weight
[09-21 18:56:36|WARNING|cosmos_framework/checkpoint/dcp.py:430:_skip_keys_if_found] Skipping loading of key: net_ema.language_model.model.layers.9.mlp.gate_proj.weight
[09-21 18:56:36|WARNING|cosmos_framework/checkpoint/dcp.py:430:_skip_keys_if_found] Skipping loading of key: net_ema.language_model.model.layers.9.mlp.up_proj.weight
[09-21 18:56:36|WARNING|cosmos_framework/checkpoint/dcp.py:430:_skip_keys_if_found] Skipping loading of key: net_ema.language_model.model.layers.9.mlp_moe_gen.down_proj.weight
[09-21 18:56:36|WARNING|cosmos_framework/checkpoint/dcp.py:430:_skip_keys_if_found] Skipping loading of key: net_ema.language_model.model.layers.9.mlp_moe_gen.gate_proj.weight
[09-21 18:56:36|WARNING|cosmos_framework/checkpoint/dcp.py:430:_skip_keys_if_found] Skipping loading of key: net_ema.language_model.model.layers.9.mlp_moe_gen.up_proj.weight
[09-21 18:56:36|INFO|cosmos_framework/checkpoint/dcp.py:408:_drop_non_reader_items] [RANK 6] [DCP-LOAD-DEDUP] kept_read_items=809 dropped_read_items=0
[09-21 18:56:36|WARNING|cosmos_framework/checkpoint/dcp.py:430:_skip_keys_if_found] Skipping loading of key: net_ema.language_model.model.layers.9.post_attention_layernorm.weight
[09-21 18:56:36|WARNING|cosmos_framework/checkpoint/dcp.py:430:_skip_keys_if_found] Skipping loading of key: net_ema.language_model.model.layers.9.post_attention_layernorm_moe_gen.weight
[09-21 18:56:36|WARNING|cosmos_framework/checkpoint/dcp.py:430:_skip_keys_if_found] Skipping loading of key: net_ema.language_model.model.layers.9.self_attn.k_norm.weight
[09-21 18:56:36|WARNING|cosmos_framework/checkpoint/dcp.py:430:_skip_keys_if_found] Skipping loading of key: net_ema.language_model.model.layers.9.self_attn.k_norm_moe_gen.weight
[09-21 18:56:36|WARNING|cosmos_framework/checkpoint/dcp.py:430:_skip_keys_if_found] Skipping loading of key: net_ema.language_model.model.layers.9.self_attn.k_proj.weight
[09-21 18:56:36|WARNING|cosmos_framework/checkpoint/dcp.py:430:_skip_keys_if_found] Skipping loading of key: net_ema.language_model.model.layers.9.self_attn.k_proj_moe_gen.weight
[09-21 18:56:36|WARNING|cosmos_framework/checkpoint/dcp.py:430:_skip_keys_if_found] Skipping loading of key: net_ema.language_model.model.layers.9.self_attn.o_proj.weight
[09-21 18:56:36|WARNING|cosmos_framework/checkpoint/dcp.py:430:_skip_keys_if_found] Skipping loading of key: net_ema.language_model.model.layers.9.self_attn.o_proj_moe_gen.weight
[09-21 18:56:36|WARNING|cosmos_framework/checkpoint/dcp.py:430:_skip_keys_if_found] Skipping loading of key: net_ema.language_model.model.layers.9.self_attn.q_norm.weight
[09-21 18:56:36|WARNING|cosmos_framework/checkpoint/dcp.py:430:_skip_keys_if_found] Skipping loading of key: net_ema.language_model.model.layers.9.self_attn.q_norm_moe_gen.weight
[09-21 18:56:36|WARNING|cosmos_framework/checkpoint/dcp.py:430:_skip_keys_if_found] Skipping loading of key: net_ema.language_model.model.layers.9.self_attn.q_proj.weight
[09-21 18:56:36|WARNING|cosmos_framework/checkpoint/dcp.py:430:_skip_keys_if_found] Skipping loading of key: net_ema.language_model.model.layers.9.self_attn.q_proj_moe_gen.weight
[09-21 18:56:36|WARNING|cosmos_framework/checkpoint/dcp.py:430:_skip_keys_if_found] Skipping loading of key: net_ema.language_model.model.layers.9.self_attn.v_proj.weight
[09-21 18:56:36|WARNING|cosmos_framework/checkpoint/dcp.py:430:_skip_keys_if_found] Skipping loading of key: net_ema.language_model.model.layers.9.self_attn.v_proj_moe_gen.weight
[09-21 18:56:36|WARNING|cosmos_framework/checkpoint/dcp.py:430:_skip_keys_if_found] Skipping loading of key: net_ema.language_model.model.norm.weight
[09-21 18:56:36|WARNING|cosmos_framework/checkpoint/dcp.py:430:_skip_keys_if_found] Skipping loading of key: net_ema.language_model.model.norm_moe_gen.weight
[09-21 18:56:36|WARNING|cosmos_framework/checkpoint/dcp.py:430:_skip_keys_if_found] Skipping loading of key: net_ema.llm2action.bias.weight
[09-21 18:56:36|WARNING|cosmos_framework/checkpoint/dcp.py:430:_skip_keys_if_found] Skipping loading of key: net_ema.llm2action.fc.weight
[09-21 18:56:36|WARNING|cosmos_framework/checkpoint/dcp.py:430:_skip_keys_if_found] Skipping loading of key: net_ema.llm2vae.bias
[09-21 18:56:36|WARNING|cosmos_framework/checkpoint/dcp.py:430:_skip_keys_if_found] Skipping loading of key: net_ema.llm2vae.weight
[09-21 18:56:36|WARNING|cosmos_framework/checkpoint/dcp.py:430:_skip_keys_if_found] Skipping loading of key: net_ema.time_embedder.mlp.0.bias
[09-21 18:56:36|WARNING|cosmos_framework/checkpoint/dcp.py:430:_skip_keys_if_found] Skipping loading of key: net_ema.time_embedder.mlp.0.weight
[09-21 18:56:36|WARNING|cosmos_framework/checkpoint/dcp.py:430:_skip_keys_if_found] Skipping loading of key: net_ema.time_embedder.mlp.2.bias
[09-21 18:56:36|WARNING|cosmos_framework/checkpoint/dcp.py:430:_skip_keys_if_found] Skipping loading of key: net_ema.time_embedder.mlp.2.weight
[09-21 18:56:36|WARNING|cosmos_framework/checkpoint/dcp.py:430:_skip_keys_if_found] Skipping loading of key: net_ema.vae2llm.bias
[09-21 18:56:36|WARNING|cosmos_framework/checkpoint/dcp.py:430:_skip_keys_if_found] Skipping loading of key: net_ema.vae2llm.weight
[09-21 18:56:36|INFO|cosmos_framework/checkpoint/dcp.py:433:_skip_keys_if_found] [RANK 0] [DCP-LOAD-SKIP-KEYS] kept_keys=809 dropped_keys=883
[09-21 18:56:36|INFO|cosmos_framework/checkpoint/dcp.py:408:_drop_non_reader_items] [RANK 1] [DCP-LOAD-DEDUP] kept_read_items=809 dropped_read_items=0
[09-21 18:56:36|INFO|cosmos_framework/checkpoint/dcp.py:433:_skip_keys_if_found] [RANK 3] [DCP-LOAD-SKIP-KEYS] kept_keys=809 dropped_keys=883
[09-21 18:56:36|INFO|cosmos_framework/checkpoint/dcp.py:408:_drop_non_reader_items] [RANK 2] [DCP-LOAD-DEDUP] kept_read_items=809 dropped_read_items=0
[09-21 18:56:36|INFO|cosmos_framework/checkpoint/dcp.py:408:_drop_non_reader_items] [RANK 0] [DCP-LOAD-DEDUP] kept_read_items=809 dropped_read_items=0
[09-21 18:56:36|INFO|cosmos_framework/checkpoint/dcp.py:433:_skip_keys_if_found] [RANK 7] [DCP-LOAD-SKIP-KEYS] kept_keys=809 dropped_keys=883
[09-21 18:56:36|INFO|cosmos_framework/checkpoint/dcp.py:408:_drop_non_reader_items] [RANK 3] [DCP-LOAD-DEDUP] kept_read_items=809 dropped_read_items=0
[09-21 18:56:36|INFO|cosmos_framework/checkpoint/dcp.py:408:_drop_non_reader_items] [RANK 7] [DCP-LOAD-DEDUP] kept_read_items=809 dropped_read_items=0
[09-21 18:56:38|INFO|cosmos_framework/checkpoint/dcp.py:602:_broadcast_state_dict] [RANK 0] [DCP-LOAD-TIMING] broadcast: tensors=0.0s, objects=0.0s, rebuild=0.0s
[09-21 18:56:38|INFO|cosmos_framework/checkpoint/dcp.py:602:_broadcast_state_dict] [RANK 1] [DCP-LOAD-TIMING] broadcast: tensors=0.0s, objects=0.1s, rebuild=0.0s
[09-21 18:56:38|INFO|cosmos_framework/checkpoint/dcp.py:602:_broadcast_state_dict] [RANK 3] [DCP-LOAD-TIMING] broadcast: tensors=0.0s, objects=0.2s, rebuild=0.0s
[09-21 18:56:38|INFO|cosmos_framework/checkpoint/dcp.py:602:_broadcast_state_dict] [RANK 6] [DCP-LOAD-TIMING] broadcast: tensors=0.0s, objects=0.2s, rebuild=0.0s
[09-21 18:56:38|INFO|cosmos_framework/checkpoint/dcp.py:602:_broadcast_state_dict] [RANK 5] [DCP-LOAD-TIMING] broadcast: tensors=0.0s, objects=0.3s, rebuild=0.0s
[09-21 18:56:38|INFO|cosmos_framework/checkpoint/dcp.py:602:_broadcast_state_dict] [RANK 7] [DCP-LOAD-TIMING] broadcast: tensors=0.0s, objects=0.2s, rebuild=0.0s
[09-21 18:56:38|INFO|cosmos_framework/checkpoint/dcp.py:602:_broadcast_state_dict] [RANK 4] [DCP-LOAD-TIMING] broadcast: tensors=0.0s, objects=0.2s, rebuild=0.0s
[09-21 18:56:38|INFO|cosmos_framework/checkpoint/dcp.py:602:_broadcast_state_dict] [RANK 2] [DCP-LOAD-TIMING] broadcast: tensors=0.0s, objects=0.0s, rebuild=0.0s
[09-21 18:56:38|INFO|cosmos_framework/checkpoint/dcp.py:954:load] Loaded checkpoint from /workspace/mnt/sqzhang26/zeva-work/runs/zeva/action_xhand/v1-20260921/checkpoints/iter_000004000 in iteration 0
[09-21 18:56:38|INFO|cosmos_framework/utils/timer.py:138:_log] Time spent on checkpoint loading: 3.53 s
[09-21 18:56:38|CRITICAL|cosmos_framework/trainer/__init__.py:272:train] Distributed parallelism mode: fsdp
[09-21 18:56:38|INFO|cosmos_framework/trainer/__init__.py:280:train] Starting training...
[09-21 18:56:38|INFO|cosmos_framework/utils/wandb_util.py:55:init_wandb] Generating new wandb ID: j0v42y5l
Config is saved using omegaconf at /workspace/mnt/sqzhang26/zeva-work/runs/zeva/zeva_xhand/action_policy_xhand_zeva/config.yaml.
[09-21 18:56:41|INFO|cosmos_framework/callbacks/param_count.py:31:on_train_start] [RANK 0] Total number of parameters on current rank: 2748160
[09-21 18:56:41|INFO|cosmos_framework/callbacks/norm_monitor.py:72:on_train_start] NormMonitor callback: local_dir: /workspace/mnt/sqzhang26/zeva-work/runs/zeva/zeva_xhand/action_policy_xhand_zeva/norm_monitor
[09-21 18:56:41|INFO|cosmos_framework/callbacks/norm_monitor.py:153:_register_activation_hooks] NormMonitor: Registered activation hooks on 36 transformer blocks
[09-21 18:56:41|INFO|cosmos_framework/callbacks/ofu.py:182:on_train_start] OFUCallback: launched nvidia-smi dmon --gpm-metrics 5
[09-21 18:56:41|INFO|cosmos_framework/callbacks/device_monitor.py:102:on_train_start] DeviceMonitor callback: local_dir: /workspace/mnt/sqzhang26/zeva-work/runs/zeva/zeva_xhand/action_policy_xhand_zeva/DeviceMonitor
[09-21 18:56:41|INFO|cosmos_framework/callbacks/termination_signal_checkpoint.py:186:_install_termination_signal_handlers] [TerminationSignalCheckpoint] Installed SIGTERM handler.
[09-21 18:56:42|INFO|cosmos_framework/callbacks/ofu.py:116:_parse_header] OFUCallback: found mmaact at column 12, pclk at column 11
[09-21 18:57:19|INFO|cosmos_framework/model/generator/omni_mot_model.py:1483:training_step] stage2_loss_components: flow_matching_loss_vision=0.04447507, flow_matching_loss_action=0.00203452, behavior_prior_nll=2.20312500 (iteration 0)
[09-21 18:57:22|INFO|cosmos_framework/utils/timer.py:138:_log] Time spent on norm_monitor: 0.09 s
[09-21 18:57:22|INFO|cosmos_framework/callbacks/grad_clip.py:325:on_before_optimizer_step] [RANK 7] clip_grad_norm/video/global: 0.33594 (iteration 0)
[09-21 18:57:22|INFO|cosmos_framework/callbacks/grad_clip.py:325:on_before_optimizer_step] [RANK 2] clip_grad_norm/video/global: 0.33594 (iteration 0)
[09-21 18:57:22|INFO|cosmos_framework/callbacks/grad_clip.py:325:on_before_optimizer_step] [RANK 0] clip_grad_norm/video/global: 0.33594 (iteration 0)
[09-21 18:57:22|INFO|cosmos_framework/callbacks/grad_clip.py:325:on_before_optimizer_step] [RANK 1] clip_grad_norm/video/global: 0.33594 (iteration 0)
[09-21 18:57:22|INFO|cosmos_framework/callbacks/grad_clip.py:325:on_before_optimizer_step] [RANK 3] clip_grad_norm/video/global: 0.33594 (iteration 0)
[09-21 18:57:22|INFO|cosmos_framework/callbacks/grad_clip.py:325:on_before_optimizer_step] [RANK 4] clip_grad_norm/video/global: 0.33594 (iteration 0)
[09-21 18:57:22|INFO|cosmos_framework/callbacks/grad_clip.py:325:on_before_optimizer_step] [RANK 6] clip_grad_norm/video/global: 0.33594 (iteration 0)
[09-21 18:57:22|INFO|cosmos_framework/callbacks/grad_clip.py:325:on_before_optimizer_step] [RANK 5] clip_grad_norm/video/global: 0.33594 (iteration 0)
[09-21 18:57:22|INFO|cosmos_framework/callbacks/iter_speed.py:45:on_training_step_end] [RANK 3] Iteration 1: Hit counter: 1/50 | Loss: 0.4727 | Time: 161.59s
[09-21 18:57:22|INFO|cosmos_framework/callbacks/iter_speed.py:45:on_training_step_end] [RANK 7] Iteration 1: Hit counter: 1/50 | Loss: 0.5178 | Time: 161.59s
[09-21 18:57:22|INFO|cosmos_framework/callbacks/iter_speed.py:45:on_training_step_end] [RANK 0] Iteration 1: Hit counter: 1/50 | Loss: 0.4871 | Time: 161.60s
[09-21 18:57:22|INFO|cosmos_framework/callbacks/iter_speed.py:45:on_training_step_end] [RANK 1] Iteration 1: Hit counter: 1/50 | Loss: 0.4840 | Time: 161.60s
[09-21 18:57:22|INFO|cosmos_framework/callbacks/iter_speed.py:45:on_training_step_end] [RANK 2] Iteration 1: Hit counter: 1/50 | Loss: 0.7807 | Time: 161.60s
[09-21 18:57:22|INFO|cosmos_framework/callbacks/iter_speed.py:45:on_training_step_end] [RANK 4] Iteration 1: Hit counter: 1/50 | Loss: 0.5508 | Time: 161.60s
[09-21 18:57:22|INFO|cosmos_framework/callbacks/iter_speed.py:45:on_training_step_end] [RANK 6] Iteration 1: Hit counter: 1/50 | Loss: 0.4062 | Time: 161.60s
[09-21 18:57:22|INFO|cosmos_framework/callbacks/iter_speed.py:45:on_training_step_end] [RANK 5] Iteration 1: Hit counter: 1/50 | Loss: 0.5469 | Time: 161.60s
[09-21 18:57:24|INFO|cosmos_framework/model/generator/omni_mot_model.py:1483:training_step] stage2_loss_components: flow_matching_loss_vision=0.04430594, flow_matching_loss_action=0.00404812, behavior_prior_nll=1.46093750 (iteration 1)
[09-21 18:57:26|INFO|cosmos_framework/callbacks/iter_speed.py:45:on_training_step_end] [RANK 4] Iteration 2: Hit counter: 2/50 | Loss: 0.6702 | Time: 3.16s
[09-21 18:57:26|INFO|cosmos_framework/callbacks/iter_speed.py:45:on_training_step_end] [RANK 7] Iteration 2: Hit counter: 2/50 | Loss: 0.4372 | Time: 3.16s
[09-21 18:57:26|INFO|cosmos_framework/callbacks/iter_speed.py:45:on_training_step_end] [RANK 6] Iteration 2: Hit counter: 2/50 | Loss: 0.5755 | Time: 3.16s
[09-21 18:57:26|INFO|cosmos_framework/callbacks/iter_speed.py:45:on_training_step_end] [RANK 5] Iteration 2: Hit counter: 2/50 | Loss: 0.3775 | Time: 3.16s
[09-21 18:57:26|INFO|cosmos_framework/callbacks/iter_speed.py:45:on_training_step_end] [RANK 2] Iteration 2: Hit counter: 2/50 | Loss: 0.3728 | Time: 3.16s
[09-21 18:57:26|INFO|cosmos_framework/callbacks/iter_speed.py:45:on_training_step_end] [RANK 3] Iteration 2: Hit counter: 2/50 | Loss: 0.7746 | Time: 3.16s
[09-21 18:57:26|INFO|cosmos_framework/callbacks/iter_speed.py:45:on_training_step_end] [RANK 0] Iteration 2: Hit counter: 2/50 | Loss: 0.4981 | Time: 3.16s
[09-21 18:57:26|INFO|cosmos_framework/callbacks/iter_speed.py:45:on_training_step_end] [RANK 1] Iteration 2: Hit counter: 2/50 | Loss: 0.3777 | Time: 3.17s
[09-21 18:57:27|INFO|cosmos_framework/model/generator/omni_mot_model.py:1483:training_step] stage2_loss_components: flow_matching_loss_vision=0.03085130, flow_matching_loss_action=0.00982012, behavior_prior_nll=1.00000000 (iteration 2)
[09-21 18:57:29|INFO|cosmos_framework/callbacks/iter_speed.py:45:on_training_step_end] [RANK 0] Iteration 3: Hit counter: 3/50 | Loss: 0.4167 | Time: 3.22s
[09-21 18:57:29|INFO|cosmos_framework/callbacks/iter_speed.py:45:on_training_step_end] [RANK 1] Iteration 3: Hit counter: 3/50 | Loss: 0.4338 | Time: 3.21s
[09-21 18:57:29|INFO|cosmos_framework/callbacks/iter_speed.py:45:on_training_step_end] [RANK 4] Iteration 3: Hit counter: 3/50 | Loss: 0.6967 | Time: 3.22s
[09-21 18:57:29|INFO|cosmos_framework/callbacks/iter_speed.py:45:on_training_step_end] [RANK 7] Iteration 3: Hit counter: 3/50 | Loss: 0.4024 | Time: 3.22s
[09-21 18:57:29|INFO|cosmos_framework/callbacks/iter_speed.py:45:on_training_step_end] [RANK 3] Iteration 3: Hit counter: 3/50 | Loss: 0.3338 | Time: 3.22s
[09-21 18:57:29|INFO|cosmos_framework/callbacks/iter_speed.py:45:on_training_step_end] [RANK 6] Iteration 3: Hit counter: 3/50 | Loss: 0.7026 | Time: 3.22s
[09-21 18:57:29|INFO|cosmos_framework/callbacks/iter_speed.py:45:on_training_step_end] [RANK 5] Iteration 3: Hit counter: 3/50 | Loss: 0.3832 | Time: 3.22s
[09-21 18:57:29|INFO|cosmos_framework/callbacks/iter_speed.py:45:on_training_step_end] [RANK 2] Iteration 3: Hit counter: 3/50 | Loss: 0.6861 | Time: 3.22s
[09-21 18:57:29|INFO|cosmos_framework/model/generator/tokenizers/wan2pt2_vae_4x16x16.py:1499:compile_encode] [RANK 5] AOT chunk-level warmup for resolutions: ['256']
[09-21 18:57:29|INFO|cosmos_framework/model/generator/tokenizers/wan2pt2_vae_4x16x16.py:1499:compile_encode] [RANK 7] AOT chunk-level warmup for resolutions: ['256']
[09-21 18:57:29|INFO|cosmos_framework/model/generator/tokenizers/wan2pt2_vae_4x16x16.py:1499:compile_encode] [RANK 1] AOT chunk-level warmup for resolutions: ['256']
[09-21 18:57:29|INFO|cosmos_framework/model/generator/tokenizers/wan2pt2_vae_4x16x16.py:1499:compile_encode] [RANK 4] AOT chunk-level warmup for resolutions: ['256']
[09-21 18:57:29|INFO|cosmos_framework/model/generator/tokenizers/wan2pt2_vae_4x16x16.py:1499:compile_encode] [RANK 6] AOT chunk-level warmup for resolutions: ['256']
[09-21 18:57:29|INFO|cosmos_framework/model/generator/tokenizers/wan2pt2_vae_4x16x16.py:1499:compile_encode] [RANK 3] AOT chunk-level warmup for resolutions: ['256']
[09-21 18:57:29|INFO|cosmos_framework/model/generator/tokenizers/wan2pt2_vae_4x16x16.py:1499:compile_encode] [RANK 2] AOT chunk-level warmup for resolutions: ['256']
[09-21 18:57:29|INFO|cosmos_framework/model/generator/tokenizers/wan2pt2_vae_4x16x16.py:1499:compile_encode] [RANK 0] AOT chunk-level warmup for resolutions: ['256']
/workspace/mnt/sqzhang26/zeva-work/envs/zeva/lib/python3.13/site-packages/torch/distributed/c10d_logger.py:83: UserWarning: barrier(): using the device under current context. You can specify `device_id` in `init_process_group` to mute this warning.
  return func(*args, **kwargs)
[09-21 18:57:29|INFO|cosmos_framework/model/generator/tokenizers/wan2pt2_vae_4x16x16.py:1338:_synchronized_reset_dir] Reset directory: /workspace/mnt/sqzhang26/zeva-work/runs/zeva/zeva_xhand/action_policy_xhand_zeva/aot_tokenizer
[09-21 18:57:29|INFO|cosmos_framework/model/generator/tokenizers/wan2pt2_vae_4x16x16.py:1519:compile_encode] Saving AOT compiled packages to /workspace/mnt/sqzhang26/zeva-work/runs/zeva/zeva_xhand/action_policy_xhand_zeva/aot_tokenizer
[09-21 18:57:29|INFO|cosmos_framework/model/generator/tokenizers/wan2pt2_vae_4x16x16.py:1597:compile_encode] [RANK 0] Rank 0: assigned 3/20 variants (world_size=8)
[09-21 18:57:29|INFO|cosmos_framework/model/generator/tokenizers/wan2pt2_vae_4x16x16.py:1597:compile_encode] [RANK 5] Rank 5: assigned 2/20 variants (world_size=8)
[09-21 18:57:29|INFO|cosmos_framework/model/generator/tokenizers/wan2pt2_vae_4x16x16.py:1597:compile_encode] [RANK 7] Rank 7: assigned 2/20 variants (world_size=8)
[09-21 18:57:29|INFO|cosmos_framework/model/generator/tokenizers/wan2pt2_vae_4x16x16.py:1597:compile_encode] [RANK 4] Rank 4: assigned 2/20 variants (world_size=8)
[09-21 18:57:29|INFO|cosmos_framework/model/generator/tokenizers/wan2pt2_vae_4x16x16.py:1597:compile_encode] [RANK 3] Rank 3: assigned 3/20 variants (world_size=8)
[09-21 18:57:29|INFO|cosmos_framework/model/generator/tokenizers/wan2pt2_vae_4x16x16.py:1597:compile_encode] [RANK 1] Rank 1: assigned 3/20 variants (world_size=8)
[09-21 18:57:29|INFO|cosmos_framework/model/generator/tokenizers/wan2pt2_vae_4x16x16.py:1597:compile_encode] [RANK 6] Rank 6: assigned 2/20 variants (world_size=8)
[09-21 18:57:29|INFO|cosmos_framework/model/generator/tokenizers/wan2pt2_vae_4x16x16.py:1597:compile_encode] [RANK 2] Rank 2: assigned 3/20 variants (world_size=8)
/workspace/mnt/sqzhang26/zeva-work/envs/zeva/lib/python3.13/copyreg.py:99: FutureWarning: `isinstance(treespec, LeafSpec)` is deprecated, use `isinstance(treespec, TreeSpec) and treespec.is_leaf()` instead.
  return cls.__new__(cls, *args)
/workspace/mnt/sqzhang26/zeva-work/envs/zeva/lib/python3.13/copyreg.py:99: FutureWarning: `isinstance(treespec, LeafSpec)` is deprecated, use `isinstance(treespec, TreeSpec) and treespec.is_leaf()` instead.
  return cls.__new__(cls, *args)
/workspace/mnt/sqzhang26/zeva-work/envs/zeva/lib/python3.13/copyreg.py:99: FutureWarning: `isinstance(treespec, LeafSpec)` is deprecated, use `isinstance(treespec, TreeSpec) and treespec.is_leaf()` instead.
  return cls.__new__(cls, *args)
/workspace/mnt/sqzhang26/zeva-work/envs/zeva/lib/python3.13/copyreg.py:99: FutureWarning: `isinstance(treespec, LeafSpec)` is deprecated, use `isinstance(treespec, TreeSpec) and treespec.is_leaf()` instead.
  return cls.__new__(cls, *args)
/workspace/mnt/sqzhang26/zeva-work/envs/zeva/lib/python3.13/copyreg.py:99: FutureWarning: `isinstance(treespec, LeafSpec)` is deprecated, use `isinstance(treespec, TreeSpec) and treespec.is_leaf()` instead.
  return cls.__new__(cls, *args)
/workspace/mnt/sqzhang26/zeva-work/envs/zeva/lib/python3.13/copyreg.py:99: FutureWarning: `isinstance(treespec, LeafSpec)` is deprecated, use `isinstance(treespec, TreeSpec) and treespec.is_leaf()` instead.
  return cls.__new__(cls, *args)
/workspace/mnt/sqzhang26/zeva-work/envs/zeva/lib/python3.13/copyreg.py:99: FutureWarning: `isinstance(treespec, LeafSpec)` is deprecated, use `isinstance(treespec, TreeSpec) and treespec.is_leaf()` instead.
  return cls.__new__(cls, *args)
/workspace/mnt/sqzhang26/zeva-work/envs/zeva/lib/python3.13/copyreg.py:99: FutureWarning: `isinstance(treespec, LeafSpec)` is deprecated, use `isinstance(treespec, TreeSpec) and treespec.is_leaf()` instead.
  return cls.__new__(cls, *args)
[09-21 18:57:43|INFO|cosmos_framework/model/generator/tokenizers/wan2pt2_vae_4x16x16.py:1555:_compile_variant] [RANK 4] Rank 4: AOT compiled cache_t=0 1f 128x160 in 12.5s
[09-21 18:57:43|INFO|cosmos_framework/model/generator/tokenizers/wan2pt2_vae_4x16x16.py:1555:_compile_variant] [RANK 0] Rank 0: AOT compiled cache_t=0 1f 128x128 in 12.5s
/workspace/mnt/sqzhang26/zeva-work/envs/zeva/lib/python3.13/copyreg.py:99: FutureWarning: `isinstance(treespec, LeafSpec)` is deprecated, use `isinstance(treespec, TreeSpec) and treespec.is_leaf()` instead.
  return cls.__new__(cls, *args)
/workspace/mnt/sqzhang26/zeva-work/envs/zeva/lib/python3.13/copyreg.py:99: FutureWarning: `isinstance(treespec, LeafSpec)` is deprecated, use `isinstance(treespec, TreeSpec) and treespec.is_leaf()` instead.
  return cls.__new__(cls, *args)
[09-21 18:57:46|INFO|cosmos_framework/model/generator/tokenizers/wan2pt2_vae_4x16x16.py:1555:_compile_variant] [RANK 6] Rank 6: AOT compiled cache_t=2 68f 128x160 in 15.7s
[09-21 18:57:46|INFO|cosmos_framework/model/generator/tokenizers/wan2pt2_vae_4x16x16.py:1555:_compile_variant] [RANK 5] Rank 5: AOT compiled cache_t=1 68f 128x160 in 15.6s
[09-21 18:57:46|INFO|cosmos_framework/model/generator/tokenizers/wan2pt2_vae_4x16x16.py:1555:_compile_variant] [RANK 7] Rank 7: AOT compiled cache_t=1 32f 128x160 in 15.7s
[09-21 18:57:46|INFO|cosmos_framework/model/generator/tokenizers/wan2pt2_vae_4x16x16.py:1555:_compile_variant] [RANK 1] Rank 1: AOT compiled cache_t=1 68f 128x128 in 15.7s
[09-21 18:57:46|INFO|cosmos_framework/model/generator/tokenizers/wan2pt2_vae_4x16x16.py:1555:_compile_variant] [RANK 3] Rank 3: AOT compiled cache_t=1 32f 128x128 in 15.8s
[09-21 18:57:46|INFO|cosmos_framework/model/generator/tokenizers/wan2pt2_vae_4x16x16.py:1555:_compile_variant] [RANK 2] Rank 2: AOT compiled cache_t=2 68f 128x128 in 16.0s
/workspace/mnt/sqzhang26/zeva-work/envs/zeva/lib/python3.13/copyreg.py:99: FutureWarning: `isinstance(treespec, LeafSpec)` is deprecated, use `isinstance(treespec, TreeSpec) and treespec.is_leaf()` instead.
  return cls.__new__(cls, *args)
/workspace/mnt/sqzhang26/zeva-work/envs/zeva/lib/python3.13/copyreg.py:99: FutureWarning: `isinstance(treespec, LeafSpec)` is deprecated, use `isinstance(treespec, TreeSpec) and treespec.is_leaf()` instead.
  return cls.__new__(cls, *args)
/workspace/mnt/sqzhang26/zeva-work/envs/zeva/lib/python3.13/copyreg.py:99: FutureWarning: `isinstance(treespec, LeafSpec)` is deprecated, use `isinstance(treespec, TreeSpec) and treespec.is_leaf()` instead.
  return cls.__new__(cls, *args)
/workspace/mnt/sqzhang26/zeva-work/envs/zeva/lib/python3.13/copyreg.py:99: FutureWarning: `isinstance(treespec, LeafSpec)` is deprecated, use `isinstance(treespec, TreeSpec) and treespec.is_leaf()` instead.
  return cls.__new__(cls, *args)
/workspace/mnt/sqzhang26/zeva-work/envs/zeva/lib/python3.13/copyreg.py:99: FutureWarning: `isinstance(treespec, LeafSpec)` is deprecated, use `isinstance(treespec, TreeSpec) and treespec.is_leaf()` instead.
  return cls.__new__(cls, *args)
/workspace/mnt/sqzhang26/zeva-work/envs/zeva/lib/python3.13/copyreg.py:99: FutureWarning: `isinstance(treespec, LeafSpec)` is deprecated, use `isinstance(treespec, TreeSpec) and treespec.is_leaf()` instead.
  return cls.__new__(cls, *args)
[09-21 18:57:54|INFO|cosmos_framework/model/generator/tokenizers/wan2pt2_vae_4x16x16.py:1555:_compile_variant] [RANK 4] Rank 4: AOT compiled cache_t=0 1f 96x160 in 11.1s
[09-21 18:57:54|INFO|cosmos_framework/model/generator/tokenizers/wan2pt2_vae_4x16x16.py:1555:_compile_variant] [RANK 0] Rank 0: AOT compiled cache_t=0 1f 160x128 in 11.2s
/workspace/mnt/sqzhang26/zeva-work/envs/zeva/lib/python3.13/copyreg.py:99: FutureWarning: `isinstance(treespec, LeafSpec)` is deprecated, use `isinstance(treespec, TreeSpec) and treespec.is_leaf()` instead.
  return cls.__new__(cls, *args)
[09-21 18:58:00|INFO|cosmos_framework/model/generator/tokenizers/wan2pt2_vae_4x16x16.py:1555:_compile_variant] [RANK 7] Rank 7: AOT compiled cache_t=1 32f 96x160 in 13.7s
[09-21 18:58:00|INFO|cosmos_framework/model/generator/tokenizers/wan2pt2_vae_4x16x16.py:1555:_compile_variant] [RANK 5] Rank 5: AOT compiled cache_t=1 68f 96x160 in 13.8s
[09-21 18:58:00|INFO|cosmos_framework/model/generator/tokenizers/wan2pt2_vae_4x16x16.py:1555:_compile_variant] [RANK 6] Rank 6: AOT compiled cache_t=2 68f 96x160 in 13.9s
[09-21 18:58:00|INFO|cosmos_framework/model/generator/tokenizers/wan2pt2_vae_4x16x16.py:1555:_compile_variant] [RANK 1] Rank 1: AOT compiled cache_t=1 68f 160x128 in 13.7s
[09-21 18:58:00|INFO|cosmos_framework/model/generator/tokenizers/wan2pt2_vae_4x16x16.py:1555:_compile_variant] [RANK 3] Rank 3: AOT compiled cache_t=1 32f 160x128 in 13.7s
[09-21 18:58:00|INFO|cosmos_framework/model/generator/tokenizers/wan2pt2_vae_4x16x16.py:1555:_compile_variant] [RANK 2] Rank 2: AOT compiled cache_t=2 68f 160x128 in 13.8s
/workspace/mnt/sqzhang26/zeva-work/envs/zeva/lib/python3.13/copyreg.py:99: FutureWarning: `isinstance(treespec, LeafSpec)` is deprecated, use `isinstance(treespec, TreeSpec) and treespec.is_leaf()` instead.
  return cls.__new__(cls, *args)
/workspace/mnt/sqzhang26/zeva-work/envs/zeva/lib/python3.13/copyreg.py:99: FutureWarning: `isinstance(treespec, LeafSpec)` is deprecated, use `isinstance(treespec, TreeSpec) and treespec.is_leaf()` instead.
  return cls.__new__(cls, *args)
/workspace/mnt/sqzhang26/zeva-work/envs/zeva/lib/python3.13/copyreg.py:99: FutureWarning: `isinstance(treespec, LeafSpec)` is deprecated, use `isinstance(treespec, TreeSpec) and treespec.is_leaf()` instead.
  return cls.__new__(cls, *args)
[09-21 18:58:04|INFO|cosmos_framework/model/generator/tokenizers/wan2pt2_vae_4x16x16.py:1555:_compile_variant] [RANK 0] Rank 0: AOT compiled cache_t=0 1f 160x96 in 9.8s
[09-21 18:58:12|INFO|cosmos_framework/model/generator/tokenizers/wan2pt2_vae_4x16x16.py:1555:_compile_variant] [RANK 3] Rank 3: AOT compiled cache_t=1 32f 160x96 in 12.6s
[09-21 18:58:12|INFO|cosmos_framework/model/generator/tokenizers/wan2pt2_vae_4x16x16.py:1555:_compile_variant] [RANK 1] Rank 1: AOT compiled cache_t=1 68f 160x96 in 12.9s
[09-21 18:58:13|INFO|cosmos_framework/model/generator/tokenizers/wan2pt2_vae_4x16x16.py:1555:_compile_variant] [RANK 2] Rank 2: AOT compiled cache_t=2 68f 160x96 in 12.9s
/workspace/mnt/sqzhang26/zeva-work/envs/zeva/lib/python3.13/site-packages/torch/distributed/c10d_logger.py:83: UserWarning: barrier(): using the device under current context. You can specify `device_id` in `init_process_group` to mute this warning.
  return func(*args, **kwargs)
[09-21 18:58:49|INFO|cosmos_framework/model/generator/tokenizers/wan2pt2_vae_4x16x16.py:1767:compile_encode] [RANK 4] Rank 4: AOT compiled 2, loaded 20/20 chunk variants, time: 80.09s
[09-21 18:58:49|INFO|cosmos_framework/model/generator/tokenizers/wan2pt2_vae_4x16x16.py:1767:compile_encode] [RANK 0] Rank 0: AOT compiled 3, loaded 20/20 chunk variants, time: 80.12s
[09-21 18:58:49|INFO|cosmos_framework/model/generator/tokenizers/wan2pt2_vae_4x16x16.py:1767:compile_encode] [RANK 6] Rank 6: AOT compiled 2, loaded 20/20 chunk variants, time: 80.13s
[09-21 18:58:49|INFO|cosmos_framework/model/generator/tokenizers/wan2pt2_vae_4x16x16.py:1767:compile_encode] [RANK 7] Rank 7: AOT compiled 2, loaded 20/20 chunk variants, time: 80.14s
[09-21 18:58:49|INFO|cosmos_framework/model/generator/tokenizers/wan2pt2_vae_4x16x16.py:1767:compile_encode] [RANK 2] Rank 2: AOT compiled 3, loaded 20/20 chunk variants, time: 80.19s
[09-21 18:58:49|INFO|cosmos_framework/model/generator/tokenizers/wan2pt2_vae_4x16x16.py:1767:compile_encode] [RANK 5] Rank 5: AOT compiled 2, loaded 20/20 chunk variants, time: 80.20s
[09-21 18:58:49|INFO|cosmos_framework/model/generator/tokenizers/wan2pt2_vae_4x16x16.py:1767:compile_encode] [RANK 1] Rank 1: AOT compiled 3, loaded 20/20 chunk variants, time: 80.33s
[09-21 18:58:49|INFO|cosmos_framework/model/generator/tokenizers/wan2pt2_vae_4x16x16.py:1767:compile_encode] [RANK 3] Rank 3: AOT compiled 3, loaded 20/20 chunk variants, time: 80.34s
[09-21 18:58:49|INFO|cosmos_framework/model/generator/tokenizers/wan2pt2_vae_4x16x16.py:1338:_synchronized_reset_dir] Removed directory: /workspace/mnt/sqzhang26/zeva-work/runs/zeva/zeva_xhand/action_policy_xhand_zeva/aot_tokenizer
[09-21 18:58:51|INFO|cosmos_framework/model/generator/omni_mot_model.py:1483:training_step] stage2_loss_components: flow_matching_loss_vision=0.03618266, flow_matching_loss_action=0.01340612, behavior_prior_nll=1.02343750 (iteration 3)
[09-21 18:58:52|INFO|cosmos_framework/callbacks/iter_speed.py:45:on_training_step_end] [RANK 3] Iteration 4: Hit counter: 4/50 | Loss: 0.4262 | Time: 83.35s
[09-21 18:58:52|INFO|cosmos_framework/callbacks/iter_speed.py:45:on_training_step_end] [RANK 6] Iteration 4: Hit counter: 4/50 | Loss: 0.4078 | Time: 83.35s
[09-21 18:58:52|INFO|cosmos_framework/callbacks/iter_speed.py:45:on_training_step_end] [RANK 7] Iteration 4: Hit counter: 4/50 | Loss: 0.8106 | Time: 83.35s
[09-21 18:58:52|INFO|cosmos_framework/callbacks/iter_speed.py:45:on_training_step_end] [RANK 5] Iteration 4: Hit counter: 4/50 | Loss: 0.3682 | Time: 83.35s
[09-21 18:58:52|INFO|cosmos_framework/callbacks/iter_speed.py:45:on_training_step_end] [RANK 2] Iteration 4: Hit counter: 4/50 | Loss: 0.5672 | Time: 83.35s
[09-21 18:58:52|INFO|cosmos_framework/callbacks/iter_speed.py:45:on_training_step_end] [RANK 4] Iteration 4: Hit counter: 4/50 | Loss: 0.6350 | Time: 83.35s
[09-21 18:58:52|INFO|cosmos_framework/callbacks/iter_speed.py:45:on_training_step_end] [RANK 1] Iteration 4: Hit counter: 4/50 | Loss: 0.4203 | Time: 83.35s
[09-21 18:58:52|INFO|cosmos_framework/callbacks/iter_speed.py:45:on_training_step_end] [RANK 0] Iteration 4: Hit counter: 4/50 | Loss: 0.5061 | Time: 83.35s
[09-21 18:58:55|INFO|cosmos_framework/model/generator/omni_mot_model.py:1483:training_step] stage2_loss_components: flow_matching_loss_vision=0.06303825, flow_matching_loss_action=0.00149094, behavior_prior_nll=1.14843750 (iteration 4)
[09-21 18:58:56|INFO|cosmos_framework/callbacks/iter_speed.py:45:on_training_step_end] [RANK 1] Iteration 5: Hit counter: 5/50 | Loss: 1.3472 | Time: 3.91s
[09-21 18:58:56|INFO|cosmos_framework/callbacks/iter_speed.py:45:on_training_step_end] [RANK 3] Iteration 5: Hit counter: 5/50 | Loss: 0.4581 | Time: 3.91s
[09-21 18:58:56|INFO|cosmos_framework/callbacks/iter_speed.py:45:on_training_step_end] [RANK 6] Iteration 5: Hit counter: 5/50 | Loss: 0.3947 | Time: 3.91s
[09-21 18:58:56|INFO|cosmos_framework/callbacks/iter_speed.py:45:on_training_step_end] [RANK 0] Iteration 5: Hit counter: 5/50 | Loss: 0.6568 | Time: 3.91s
[09-21 18:58:56|INFO|cosmos_framework/callbacks/iter_speed.py:45:on_training_step_end] [RANK 5] Iteration 5: Hit counter: 5/50 | Loss: 0.3921 | Time: 3.91s
[09-21 18:58:56|CRITICAL|cosmos_framework/callbacks/manual_gc.py:36:every_n_impl] Garbage collection disabled
[09-21 18:58:56|INFO|cosmos_framework/callbacks/iter_speed.py:45:on_training_step_end] [RANK 2] Iteration 5: Hit counter: 5/50 | Loss: 0.3699 | Time: 3.91s
[09-21 18:58:56|INFO|cosmos_framework/callbacks/iter_speed.py:45:on_training_step_end] [RANK 4] Iteration 5: Hit counter: 5/50 | Loss: 0.5673 | Time: 3.91s
[09-21 18:58:56|INFO|cosmos_framework/callbacks/iter_speed.py:45:on_training_step_end] [RANK 7] Iteration 5: Hit counter: 5/50 | Loss: 0.4349 | Time: 3.91s
[09-21 18:58:58|INFO|cosmos_framework/model/generator/omni_mot_model.py:1483:training_step] stage2_loss_components: flow_matching_loss_vision=0.03889276, flow_matching_loss_action=0.00101867, behavior_prior_nll=1.00000000 (iteration 5)
[09-21 18:58:59|INFO|cosmos_framework/callbacks/iter_speed.py:45:on_training_step_end] [RANK 4] Iteration 6: Hit counter: 6/50 | Loss: 0.6456 | Time: 3.01s
[09-21 18:58:59|INFO|cosmos_framework/callbacks/iter_speed.py:45:on_training_step_end] [RANK 3] Iteration 6: Hit counter: 6/50 | Loss: 0.3957 | Time: 3.01s
[09-21 18:58:59|INFO|cosmos_framework/callbacks/iter_speed.py:45:on_training_step_end] [RANK 7] Iteration 6: Hit counter: 6/50 | Loss: 0.6762 | Time: 3.01s
[09-21 18:58:59|INFO|cosmos_framework/callbacks/iter_speed.py:45:on_training_step_end] [RANK 5] Iteration 6: Hit counter: 6/50 | Loss: 0.3752 | Time: 3.01s
[09-21 18:58:59|INFO|cosmos_framework/callbacks/iter_speed.py:45:on_training_step_end] [RANK 2] Iteration 6: Hit counter: 6/50 | Loss: 0.8444 | Time: 3.01s
[09-21 18:58:59|INFO|cosmos_framework/callbacks/iter_speed.py:45:on_training_step_end] [RANK 0] Iteration 6: Hit counter: 6/50 | Loss: 0.4091 | Time: 3.01s
[09-21 18:58:59|INFO|cosmos_framework/callbacks/iter_speed.py:45:on_training_step_end] [RANK 6] Iteration 6: Hit counter: 6/50 | Loss: 0.4293 | Time: 3.01s
[09-21 18:58:59|INFO|cosmos_framework/callbacks/iter_speed.py:45:on_training_step_end] [RANK 1] Iteration 6: Hit counter: 6/50 | Loss: 0.5471 | Time: 3.01s
[09-21 18:59:01|INFO|cosmos_framework/model/generator/omni_mot_model.py:1483:training_step] stage2_loss_components: flow_matching_loss_vision=0.09142156, flow_matching_loss_action=0.05992845, behavior_prior_nll=0.92578125 (iteration 6)
[09-21 18:59:02|INFO|cosmos_framework/callbacks/iter_speed.py:45:on_training_step_end] [RANK 6] Iteration 7: Hit counter: 7/50 | Loss: 0.5219 | Time: 3.00s
[09-21 18:59:02|INFO|cosmos_framework/callbacks/iter_speed.py:45:on_training_step_end] [RANK 5] Iteration 7: Hit counter: 7/50 | Loss: 0.3648 | Time: 3.00s
[09-21 18:59:02|INFO|cosmos_framework/callbacks/iter_speed.py:45:on_training_step_end] [RANK 7] Iteration 7: Hit counter: 7/50 | Loss: 0.8614 | Time: 3.00s
[09-21 18:59:02|INFO|cosmos_framework/callbacks/iter_speed.py:45:on_training_step_end] [RANK 0] Iteration 7: Hit counter: 7/50 | Loss: 1.5228 | Time: 3.00s
[09-21 18:59:02|INFO|cosmos_framework/callbacks/iter_speed.py:45:on_training_step_end] [RANK 1] Iteration 7: Hit counter: 7/50 | Loss: 0.5527 | Time: 3.00s
[09-21 18:59:02|INFO|cosmos_framework/callbacks/iter_speed.py:45:on_training_step_end] [RANK 2] Iteration 7: Hit counter: 7/50 | Loss: 0.6902 | Time: 3.00s
[09-21 18:59:02|INFO|cosmos_framework/callbacks/iter_speed.py:45:on_training_step_end] [RANK 3] Iteration 7: Hit counter: 7/50 | Loss: 0.4123 | Time: 3.00s
[09-21 18:59:02|INFO|cosmos_framework/callbacks/iter_speed.py:45:on_training_step_end] [RANK 4] Iteration 7: Hit counter: 7/50 | Loss: 0.8012 | Time: 3.00s
[09-21 18:59:04|INFO|cosmos_framework/model/generator/omni_mot_model.py:1483:training_step] stage2_loss_components: flow_matching_loss_vision=0.02822878, flow_matching_loss_action=0.00064932, behavior_prior_nll=0.90625000 (iteration 7)
[09-21 18:59:05|INFO|cosmos_framework/callbacks/iter_speed.py:45:on_training_step_end] [RANK 4] Iteration 8: Hit counter: 8/50 | Loss: 0.5979 | Time: 3.07s
[09-21 18:59:05|INFO|cosmos_framework/callbacks/iter_speed.py:45:on_training_step_end] [RANK 7] Iteration 8: Hit counter: 8/50 | Loss: 0.5454 | Time: 3.07s
[09-21 18:59:05|INFO|cosmos_framework/callbacks/iter_speed.py:45:on_training_step_end] [RANK 3] Iteration 8: Hit counter: 8/50 | Loss: 1.0177 | Time: 3.07s
[09-21 18:59:05|INFO|cosmos_framework/callbacks/iter_speed.py:45:on_training_step_end] [RANK 0] Iteration 8: Hit counter: 8/50 | Loss: 0.2978 | Time: 3.07s
[09-21 18:59:05|INFO|cosmos_framework/callbacks/iter_speed.py:45:on_training_step_end] [RANK 6] Iteration 8: Hit counter: 8/50 | Loss: 0.8909 | Time: 3.07s
[09-21 18:59:05|INFO|cosmos_framework/callbacks/iter_speed.py:45:on_training_step_end] [RANK 5] Iteration 8: Hit counter: 8/50 | Loss: 0.3960 | Time: 3.07s
[09-21 18:59:05|INFO|cosmos_framework/callbacks/iter_speed.py:45:on_training_step_end] [RANK 2] Iteration 8: Hit counter: 8/50 | Loss: 0.4355 | Time: 3.07s
[09-21 18:59:05|INFO|cosmos_framework/callbacks/iter_speed.py:45:on_training_step_end] [RANK 1] Iteration 8: Hit counter: 8/50 | Loss: 0.9534 | Time: 3.07s
[09-21 18:59:13|INFO|cosmos_framework/model/generator/omni_mot_model.py:1483:training_step] stage2_loss_components: flow_matching_loss_vision=0.03783343, flow_matching_loss_action=0.00046708, behavior_prior_nll=0.90625000 (iteration 8)
[09-21 18:59:15|INFO|cosmos_framework/callbacks/iter_speed.py:45:on_training_step_end] [RANK 7] Iteration 9: Hit counter: 9/50 | Loss: 0.4736 | Time: 9.65s
[09-21 18:59:15|INFO|cosmos_framework/callbacks/iter_speed.py:45:on_training_step_end] [RANK 4] Iteration 9: Hit counter: 9/50 | Loss: 0.2964 | Time: 9.65s
[09-21 18:59:15|INFO|cosmos_framework/callbacks/iter_speed.py:45:on_training_step_end] [RANK 5] Iteration 9: Hit counter: 9/50 | Loss: 0.4560 | Time: 9.65s
[09-21 18:59:15|INFO|cosmos_framework/callbacks/iter_speed.py:45:on_training_step_end] [RANK 6] Iteration 9: Hit counter: 9/50 | Loss: 0.3229 | Time: 9.65s
[09-21 18:59:15|INFO|cosmos_framework/callbacks/iter_speed.py:45:on_training_step_end] [RANK 0] Iteration 9: Hit counter: 9/50 | Loss: 0.3920 | Time: 9.65s
[09-21 18:59:15|INFO|cosmos_framework/callbacks/iter_speed.py:45:on_training_step_end] [RANK 2] Iteration 9: Hit counter: 9/50 | Loss: 0.3758 | Time: 9.65s
[09-21 18:59:15|INFO|cosmos_framework/callbacks/iter_speed.py:45:on_training_step_end] [RANK 1] Iteration 9: Hit counter: 9/50 | Loss: 0.7100 | Time: 9.65s
[09-21 18:59:15|INFO|cosmos_framework/callbacks/iter_speed.py:45:on_training_step_end] [RANK 3] Iteration 9: Hit counter: 9/50 | Loss: 0.7174 | Time: 9.65s
[09-21 18:59:19|INFO|cosmos_framework/model/generator/omni_mot_model.py:1483:training_step] stage2_loss_components: flow_matching_loss_vision=0.04859398, flow_matching_loss_action=0.00097097, behavior_prior_nll=0.85937500 (iteration 9)
[09-21 18:59:21|INFO|cosmos_framework/callbacks/iter_speed.py:45:on_training_step_end] [RANK 4] Iteration 10: Hit counter: 10/50 | Loss: 0.3692 | Time: 5.75s
[09-21 18:59:21|INFO|cosmos_framework/callbacks/iter_speed.py:45:on_training_step_end] [RANK 1] Iteration 10: Hit counter: 10/50 | Loss: 0.6535 | Time: 5.75s
[09-21 18:59:21|INFO|cosmos_framework/callbacks/iter_speed.py:45:on_training_step_end] [RANK 5] Iteration 10: Hit counter: 10/50 | Loss: 0.2829 | Time: 5.75s
[09-21 18:59:21|INFO|cosmos_framework/callbacks/iter_speed.py:45:on_training_step_end] [RANK 6] Iteration 10: Hit counter: 10/50 | Loss: 0.4380 | Time: 5.75s
[09-21 18:59:21|INFO|cosmos_framework/callbacks/iter_speed.py:45:on_training_step_end] [RANK 0] Iteration 10: Hit counter: 10/50 | Loss: 0.5043 | Time: 5.75s
[09-21 18:59:21|INFO|cosmos_framework/callbacks/iter_speed.py:45:on_training_step_end] [RANK 2] Iteration 10: Hit counter: 10/50 | Loss: 0.3332 | Time: 5.75s
[09-21 18:59:21|INFO|cosmos_framework/callbacks/iter_speed.py:45:on_training_step_end] [RANK 3] Iteration 10: Hit counter: 10/50 | Loss: 0.4613 | Time: 5.75s
[09-21 18:59:21|INFO|cosmos_framework/callbacks/iter_speed.py:45:on_training_step_end] [RANK 7] Iteration 10: Hit counter: 10/50 | Loss: 0.3955 | Time: 5.75s
[09-21 18:59:21|WARNING|cosmos_framework/callbacks/ofu.py:252:every_n_impl] OFUCallback: no nvidia-smi samples collected at iteration 10. Check that the dmon subprocess launched and that the mmaact column is present.
[09-21 18:59:22|INFO|cosmos_framework/model/generator/omni_mot_model.py:1483:training_step] stage2_loss_components: flow_matching_loss_vision=0.03188464, flow_matching_loss_action=0.00039373, behavior_prior_nll=0.90625000 (iteration 10)
[09-21 18:59:24|INFO|cosmos_framework/callbacks/grad_clip.py:325:on_before_optimizer_step] [RANK 0] clip_grad_norm/video/global: 0.11719 (iteration 10)
[09-21 18:59:24|INFO|cosmos_framework/callbacks/grad_clip.py:325:on_before_optimizer_step] [RANK 3] clip_grad_norm/video/global: 0.11719 (iteration 10)
[09-21 18:59:24|INFO|cosmos_framework/callbacks/grad_clip.py:325:on_before_optimizer_step] [RANK 1] clip_grad_norm/video/global: 0.11719 (iteration 10)
[09-21 18:59:24|INFO|cosmos_framework/callbacks/grad_clip.py:325:on_before_optimizer_step] [RANK 4] clip_grad_norm/video/global: 0.11719 (iteration 10)
[09-21 18:59:24|INFO|cosmos_framework/callbacks/grad_clip.py:325:on_before_optimizer_step] [RANK 5] clip_grad_norm/video/global: 0.11719 (iteration 10)
[09-21 18:59:24|INFO|cosmos_framework/callbacks/grad_clip.py:325:on_before_optimizer_step] [RANK 6] clip_grad_norm/video/global: 0.11719 (iteration 10)
[09-21 18:59:24|INFO|cosmos_framework/callbacks/grad_clip.py:325:on_before_optimizer_step] [RANK 7] clip_grad_norm/video/global: 0.11719 (iteration 10)
[09-21 18:59:24|INFO|cosmos_framework/callbacks/grad_clip.py:325:on_before_optimizer_step] [RANK 2] clip_grad_norm/video/global: 0.11719 (iteration 10)
[09-21 18:59:24|INFO|cosmos_framework/callbacks/iter_speed.py:45:on_training_step_end] [RANK 3] Iteration 11: Hit counter: 11/50 | Loss: 0.9529 | Time: 3.16s
[09-21 18:59:24|INFO|cosmos_framework/callbacks/iter_speed.py:45:on_training_step_end] [RANK 0] Iteration 11: Hit counter: 11/50 | Loss: 0.3318 | Time: 3.16s
[09-21 18:59:24|INFO|cosmos_framework/callbacks/iter_speed.py:45:on_training_step_end] [RANK 1] Iteration 11: Hit counter: 11/50 | Loss: 0.2962 | Time: 3.16s
[09-21 18:59:24|INFO|cosmos_framework/callbacks/iter_speed.py:45:on_training_step_end] [RANK 4] Iteration 11: Hit counter: 11/50 | Loss: 0.4157 | Time: 3.16s
[09-21 18:59:24|INFO|cosmos_framework/callbacks/iter_speed.py:45:on_training_step_end] [RANK 6] Iteration 11: Hit counter: 11/50 | Loss: 0.6257 | Time: 3.16s
[09-21 18:59:24|INFO|cosmos_framework/callbacks/iter_speed.py:45:on_training_step_end] [RANK 5] Iteration 11: Hit counter: 11/50 | Loss: 0.2831 | Time: 3.16s
[09-21 18:59:24|INFO|cosmos_framework/callbacks/iter_speed.py:45:on_training_step_end] [RANK 7] Iteration 11: Hit counter: 11/50 | Loss: 0.5366 | Time: 3.16s
[09-21 18:59:24|INFO|cosmos_framework/callbacks/iter_speed.py:45:on_training_step_end] [RANK 2] Iteration 11: Hit counter: 11/50 | Loss: 0.3812 | Time: 3.17s
[09-21 18:59:28|INFO|cosmos_framework/callbacks/iter_speed.py:45:on_training_step_end] [RANK 0] Iteration 12: Hit counter: 12/50 | Loss: 0.3218 | Time: 3.98s
[09-21 18:59:28|INFO|cosmos_framework/callbacks/iter_speed.py:45:on_training_step_end] [RANK 3] Iteration 12: Hit counter: 12/50 | Loss: 0.3700 | Time: 3.98s
[09-21 18:59:28|INFO|cosmos_framework/callbacks/iter_speed.py:45:on_training_step_end] [RANK 1] Iteration 12: Hit counter: 12/50 | Loss: 0.3894 | Time: 3.98s
[09-21 18:59:28|INFO|cosmos_framework/callbacks/iter_speed.py:45:on_training_step_end] [RANK 7] Iteration 12: Hit counter: 12/50 | Loss: 0.3853 | Time: 3.98s
[09-21 18:59:28|INFO|cosmos_framework/callbacks/iter_speed.py:45:on_training_step_end] [RANK 6] Iteration 12: Hit counter: 12/50 | Loss: 0.3141 | Time: 3.98s
[09-21 18:59:28|INFO|cosmos_framework/callbacks/iter_speed.py:45:on_training_step_end] [RANK 5] Iteration 12: Hit counter: 12/50 | Loss: 0.4368 | Time: 3.98s
[09-21 18:59:28|INFO|cosmos_framework/callbacks/iter_speed.py:45:on_training_step_end] [RANK 4] Iteration 12: Hit counter: 12/50 | Loss: 0.2602 | Time: 3.98s
[09-21 18:59:28|INFO|cosmos_framework/callbacks/iter_speed.py:45:on_training_step_end] [RANK 2] Iteration 12: Hit counter: 12/50 | Loss: 0.3765 | Time: 3.97s
[09-21 18:59:38|INFO|cosmos_framework/callbacks/iter_speed.py:45:on_training_step_end] [RANK 0] Iteration 13: Hit counter: 13/50 | Loss: 0.2656 | Time: 9.86s
[09-21 18:59:38|INFO|cosmos_framework/callbacks/iter_speed.py:45:on_training_step_end] [RANK 2] Iteration 13: Hit counter: 13/50 | Loss: 0.2390 | Time: 9.86s
[09-21 18:59:38|INFO|cosmos_framework/callbacks/iter_speed.py:45:on_training_step_end] [RANK 1] Iteration 13: Hit counter: 13/50 | Loss: 0.5066 | Time: 9.86s
[09-21 18:59:38|INFO|cosmos_framework/callbacks/iter_speed.py:45:on_training_step_end] [RANK 3] Iteration 13: Hit counter: 13/50 | Loss: 0.8910 | Time: 9.86s
[09-21 18:59:38|INFO|cosmos_framework/callbacks/iter_speed.py:45:on_training_step_end] [RANK 5] Iteration 13: Hit counter: 13/50 | Loss: 0.6200 | Time: 9.86s
[09-21 18:59:38|INFO|cosmos_framework/callbacks/iter_speed.py:45:on_training_step_end] [RANK 4] Iteration 13: Hit counter: 13/50 | Loss: 0.8960 | Time: 9.86s
[09-21 18:59:38|INFO|cosmos_framework/callbacks/iter_speed.py:45:on_training_step_end] [RANK 6] Iteration 13: Hit counter: 13/50 | Loss: 0.6700 | Time: 9.86s
[09-21 18:59:38|INFO|cosmos_framework/callbacks/iter_speed.py:45:on_training_step_end] [RANK 7] Iteration 13: Hit counter: 13/50 | Loss: 0.4386 | Time: 9.86s
[09-21 18:59:43|INFO|cosmos_framework/callbacks/iter_speed.py:45:on_training_step_end] [RANK 0] Iteration 14: Hit counter: 14/50 | Loss: 0.4938 | Time: 5.49s
[09-21 18:59:43|INFO|cosmos_framework/callbacks/iter_speed.py:45:on_training_step_end] [RANK 1] Iteration 14: Hit counter: 14/50 | Loss: 0.2858 | Time: 5.49s
[09-21 18:59:43|INFO|cosmos_framework/callbacks/iter_speed.py:45:on_training_step_end] [RANK 4] Iteration 14: Hit counter: 14/50 | Loss: 0.4190 | Time: 5.49s
[09-21 18:59:43|INFO|cosmos_framework/callbacks/iter_speed.py:45:on_training_step_end] [RANK 6] Iteration 14: Hit counter: 14/50 | Loss: 0.4338 | Time: 5.49s
[09-21 18:59:43|INFO|cosmos_framework/callbacks/iter_speed.py:45:on_training_step_end] [RANK 7] Iteration 14: Hit counter: 14/50 | Loss: 0.4455 | Time: 5.49s
[09-21 18:59:43|INFO|cosmos_framework/callbacks/iter_speed.py:45:on_training_step_end] [RANK 5] Iteration 14: Hit counter: 14/50 | Loss: 0.2786 | Time: 5.49s
[09-21 18:59:43|INFO|cosmos_framework/callbacks/iter_speed.py:45:on_training_step_end] [RANK 2] Iteration 14: Hit counter: 14/50 | Loss: 0.3693 | Time: 5.49s
[09-21 18:59:43|INFO|cosmos_framework/callbacks/iter_speed.py:45:on_training_step_end] [RANK 3] Iteration 14: Hit counter: 14/50 | Loss: 0.4061 | Time: 5.49s
[09-21 18:59:46|INFO|cosmos_framework/callbacks/iter_speed.py:45:on_training_step_end] [RANK 7] Iteration 15: Hit counter: 15/50 | Loss: 0.2346 | Time: 2.97s
[09-21 18:59:46|INFO|cosmos_framework/callbacks/iter_speed.py:45:on_training_step_end] [RANK 4] Iteration 15: Hit counter: 15/50 | Loss: 1.0175 | Time: 2.97s
[09-21 18:59:46|INFO|cosmos_framework/callbacks/iter_speed.py:45:on_training_step_end] [RANK 0] Iteration 15: Hit counter: 15/50 | Loss: 0.3292 | Time: 2.97s
[09-21 18:59:46|INFO|cosmos_framework/callbacks/iter_speed.py:45:on_training_step_end] [RANK 5] Iteration 15: Hit counter: 15/50 | Loss: 1.3585 | Time: 2.97s
[09-21 18:59:46|INFO|cosmos_framework/callbacks/iter_speed.py:45:on_training_step_end] [RANK 1] Iteration 15: Hit counter: 15/50 | Loss: 0.3543 | Time: 2.97s
[09-21 18:59:46|INFO|cosmos_framework/callbacks/iter_speed.py:45:on_training_step_end] [RANK 6] Iteration 15: Hit counter: 15/50 | Loss: 0.3120 | Time: 2.97s
[09-21 18:59:46|INFO|cosmos_framework/callbacks/iter_speed.py:45:on_training_step_end] [RANK 2] Iteration 15: Hit counter: 15/50 | Loss: 0.5178 | Time: 2.97s
[09-21 18:59:46|INFO|cosmos_framework/callbacks/iter_speed.py:45:on_training_step_end] [RANK 3] Iteration 15: Hit counter: 15/50 | Loss: 0.7700 | Time: 2.97s
[09-21 18:59:50|INFO|cosmos_framework/callbacks/iter_speed.py:45:on_training_step_end] [RANK 1] Iteration 16: Hit counter: 16/50 | Loss: 0.5639 | Time: 4.33s
[09-21 18:59:50|INFO|cosmos_framework/callbacks/iter_speed.py:45:on_training_step_end] [RANK 3] Iteration 16: Hit counter: 16/50 | Loss: 0.3765 | Time: 4.32s
[09-21 18:59:50|INFO|cosmos_framework/callbacks/iter_speed.py:45:on_training_step_end] [RANK 2] Iteration 16: Hit counter: 16/50 | Loss: 0.5006 | Time: 4.32s
[09-21 18:59:50|INFO|cosmos_framework/callbacks/iter_speed.py:45:on_training_step_end] [RANK 4] Iteration 16: Hit counter: 16/50 | Loss: 0.3697 | Time: 4.33s
[09-21 18:59:50|INFO|cosmos_framework/callbacks/iter_speed.py:45:on_training_step_end] [RANK 6] Iteration 16: Hit counter: 16/50 | Loss: 0.3131 | Time: 4.33s
[09-21 18:59:50|INFO|cosmos_framework/callbacks/iter_speed.py:45:on_training_step_end] [RANK 0] Iteration 16: Hit counter: 16/50 | Loss: 0.2647 | Time: 4.33s
[09-21 18:59:50|INFO|cosmos_framework/callbacks/iter_speed.py:45:on_training_step_end] [RANK 7] Iteration 16: Hit counter: 16/50 | Loss: 0.2911 | Time: 4.33s
[09-21 18:59:50|INFO|cosmos_framework/callbacks/iter_speed.py:45:on_training_step_end] [RANK 5] Iteration 16: Hit counter: 16/50 | Loss: 0.4546 | Time: 4.33s
[09-21 19:00:00|INFO|cosmos_framework/callbacks/iter_speed.py:45:on_training_step_end] [RANK 0] Iteration 17: Hit counter: 17/50 | Loss: 0.4125 | Time: 9.54s
[09-21 19:00:00|INFO|cosmos_framework/callbacks/iter_speed.py:45:on_training_step_end] [RANK 3] Iteration 17: Hit counter: 17/50 | Loss: 0.6895 | Time: 9.54s
[09-21 19:00:00|INFO|cosmos_framework/callbacks/iter_speed.py:45:on_training_step_end] [RANK 2] Iteration 17: Hit counter: 17/50 | Loss: 0.2560 | Time: 9.54s
[09-21 19:00:00|INFO|cosmos_framework/callbacks/iter_speed.py:45:on_training_step_end] [RANK 1] Iteration 17: Hit counter: 17/50 | Loss: 0.3762 | Time: 9.54s
[09-21 19:00:00|INFO|cosmos_framework/callbacks/iter_speed.py:45:on_training_step_end] [RANK 4] Iteration 17: Hit counter: 17/50 | Loss: 0.3109 | Time: 9.54s
[09-21 19:00:00|INFO|cosmos_framework/callbacks/iter_speed.py:45:on_training_step_end] [RANK 6] Iteration 17: Hit counter: 17/50 | Loss: 0.2975 | Time: 9.54s
[09-21 19:00:00|INFO|cosmos_framework/callbacks/iter_speed.py:45:on_training_step_end] [RANK 5] Iteration 17: Hit counter: 17/50 | Loss: 0.3178 | Time: 9.54s
[09-21 19:00:00|INFO|cosmos_framework/callbacks/iter_speed.py:45:on_training_step_end] [RANK 7] Iteration 17: Hit counter: 17/50 | Loss: 0.3613 | Time: 9.54s
[09-21 19:00:05|INFO|cosmos_framework/callbacks/iter_speed.py:45:on_training_step_end] [RANK 2] Iteration 18: Hit counter: 18/50 | Loss: 0.4116 | Time: 5.62s
[09-21 19:00:05|INFO|cosmos_framework/callbacks/iter_speed.py:45:on_training_step_end] [RANK 6] Iteration 18: Hit counter: 18/50 | Loss: 0.5095 | Time: 5.62s
[09-21 19:00:05|INFO|cosmos_framework/callbacks/iter_speed.py:45:on_training_step_end] [RANK 3] Iteration 18: Hit counter: 18/50 | Loss: 0.2679 | Time: 5.62s
[09-21 19:00:05|INFO|cosmos_framework/callbacks/iter_speed.py:45:on_training_step_end] [RANK 5] Iteration 18: Hit counter: 18/50 | Loss: 0.5739 | Time: 5.62s
[09-21 19:00:05|INFO|cosmos_framework/callbacks/iter_speed.py:45:on_training_step_end] [RANK 1] Iteration 18: Hit counter: 18/50 | Loss: 0.2805 | Time: 5.62s
[09-21 19:00:05|INFO|cosmos_framework/callbacks/iter_speed.py:45:on_training_step_end] [RANK 7] Iteration 18: Hit counter: 18/50 | Loss: 0.8710 | Time: 5.62s
[09-21 19:00:05|INFO|cosmos_framework/callbacks/iter_speed.py:45:on_training_step_end] [RANK 0] Iteration 18: Hit counter: 18/50 | Loss: 0.3885 | Time: 5.62s
[09-21 19:00:05|INFO|cosmos_framework/callbacks/iter_speed.py:45:on_training_step_end] [RANK 4] Iteration 18: Hit counter: 18/50 | Loss: 0.5571 | Time: 5.62s
[09-21 19:00:08|INFO|cosmos_framework/callbacks/iter_speed.py:45:on_training_step_end] [RANK 0] Iteration 19: Hit counter: 19/50 | Loss: 0.2461 | Time: 2.99s
[09-21 19:00:08|INFO|cosmos_framework/callbacks/iter_speed.py:45:on_training_step_end] [RANK 2] Iteration 19: Hit counter: 19/50 | Loss: 0.3197 | Time: 2.99s
[09-21 19:00:08|INFO|cosmos_framework/callbacks/iter_speed.py:45:on_training_step_end] [RANK 1] Iteration 19: Hit counter: 19/50 | Loss: 0.3780 | Time: 2.99s
[09-21 19:00:08|INFO|cosmos_framework/callbacks/iter_speed.py:45:on_training_step_end] [RANK 4] Iteration 19: Hit counter: 19/50 | Loss: 0.2338 | Time: 2.99s
[09-21 19:00:08|INFO|cosmos_framework/callbacks/iter_speed.py:45:on_training_step_end] [RANK 5] Iteration 19: Hit counter: 19/50 | Loss: 0.3161 | Time: 2.99s
[09-21 19:00:08|INFO|cosmos_framework/callbacks/iter_speed.py:45:on_training_step_end] [RANK 6] Iteration 19: Hit counter: 19/50 | Loss: 0.3027 | Time: 2.99s
[09-21 19:00:08|INFO|cosmos_framework/callbacks/iter_speed.py:45:on_training_step_end] [RANK 3] Iteration 19: Hit counter: 19/50 | Loss: 0.3947 | Time: 2.99s
[09-21 19:00:08|INFO|cosmos_framework/callbacks/iter_speed.py:45:on_training_step_end] [RANK 7] Iteration 19: Hit counter: 19/50 | Loss: 0.2503 | Time: 2.99s
[09-21 19:00:13|INFO|cosmos_framework/callbacks/iter_speed.py:45:on_training_step_end] [RANK 4] Iteration 20: Hit counter: 20/50 | Loss: 0.5141 | Time: 4.40s
[09-21 19:00:13|INFO|cosmos_framework/callbacks/iter_speed.py:45:on_training_step_end] [RANK 5] Iteration 20: Hit counter: 20/50 | Loss: 0.5155 | Time: 4.40s
[09-21 19:00:13|INFO|cosmos_framework/callbacks/iter_speed.py:45:on_training_step_end] [RANK 7] Iteration 20: Hit counter: 20/50 | Loss: 0.2968 | Time: 4.40s
[09-21 19:00:13|INFO|cosmos_framework/callbacks/iter_speed.py:45:on_training_step_end] [RANK 1] Iteration 20: Hit counter: 20/50 | Loss: 0.3597 | Time: 4.40s
[09-21 19:00:13|INFO|cosmos_framework/callbacks/iter_speed.py:45:on_training_step_end] [RANK 0] Iteration 20: Hit counter: 20/50 | Loss: 0.7717 | Time: 4.40s
[09-21 19:00:13|INFO|cosmos_framework/callbacks/iter_speed.py:45:on_training_step_end] [RANK 3] Iteration 20: Hit counter: 20/50 | Loss: 0.8007 | Time: 4.40s
[09-21 19:00:13|INFO|cosmos_framework/callbacks/iter_speed.py:45:on_training_step_end] [RANK 6] Iteration 20: Hit counter: 20/50 | Loss: 0.3611 | Time: 4.40s
[09-21 19:00:13|INFO|cosmos_framework/callbacks/iter_speed.py:45:on_training_step_end] [RANK 2] Iteration 20: Hit counter: 20/50 | Loss: 0.3451 | Time: 4.40s
[09-21 19:00:13|WARNING|cosmos_framework/callbacks/ofu.py:252:every_n_impl] OFUCallback: no nvidia-smi samples collected at iteration 20. Check that the dmon subprocess launched and that the mmaact column is present.
[09-21 19:00:22|INFO|cosmos_framework/callbacks/grad_clip.py:325:on_before_optimizer_step] [RANK 4] clip_grad_norm/video/global: 0.06250 (iteration 20)
[09-21 19:00:22|INFO|cosmos_framework/callbacks/grad_clip.py:325:on_before_optimizer_step] [RANK 6] clip_grad_norm/video/global: 0.06250 (iteration 20)
[09-21 19:00:22|INFO|cosmos_framework/callbacks/grad_clip.py:325:on_before_optimizer_step] [RANK 5] clip_grad_norm/video/global: 0.06250 (iteration 20)
[09-21 19:00:22|INFO|cosmos_framework/callbacks/grad_clip.py:325:on_before_optimizer_step] [RANK 0] clip_grad_norm/video/global: 0.06250 (iteration 20)
[09-21 19:00:22|INFO|cosmos_framework/callbacks/grad_clip.py:325:on_before_optimizer_step] [RANK 2] clip_grad_norm/video/global: 0.06250 (iteration 20)
[09-21 19:00:22|INFO|cosmos_framework/callbacks/grad_clip.py:325:on_before_optimizer_step] [RANK 3] clip_grad_norm/video/global: 0.06250 (iteration 20)
[09-21 19:00:22|INFO|cosmos_framework/callbacks/grad_clip.py:325:on_before_optimizer_step] [RANK 1] clip_grad_norm/video/global: 0.06250 (iteration 20)
[09-21 19:00:22|INFO|cosmos_framework/callbacks/grad_clip.py:325:on_before_optimizer_step] [RANK 7] clip_grad_norm/video/global: 0.06250 (iteration 20)
[09-21 19:00:22|INFO|cosmos_framework/callbacks/iter_speed.py:45:on_training_step_end] [RANK 4] Iteration 21: Hit counter: 21/50 | Loss: 0.2898 | Time: 8.98s
[09-21 19:00:22|INFO|cosmos_framework/callbacks/iter_speed.py:45:on_training_step_end] [RANK 5] Iteration 21: Hit counter: 21/50 | Loss: 0.3321 | Time: 8.98s
[09-21 19:00:22|INFO|cosmos_framework/callbacks/iter_speed.py:45:on_training_step_end] [RANK 0] Iteration 21: Hit counter: 21/50 | Loss: 0.2596 | Time: 8.98s
[09-21 19:00:22|INFO|cosmos_framework/callbacks/iter_speed.py:45:on_training_step_end] [RANK 2] Iteration 21: Hit counter: 21/50 | Loss: 1.0001 | Time: 8.98s
[09-21 19:00:22|INFO|cosmos_framework/callbacks/iter_speed.py:45:on_training_step_end] [RANK 1] Iteration 21: Hit counter: 21/50 | Loss: 0.5286 | Time: 8.98s
[09-21 19:00:22|INFO|cosmos_framework/callbacks/iter_speed.py:45:on_training_step_end] [RANK 3] Iteration 21: Hit counter: 21/50 | Loss: 0.4557 | Time: 8.98s
[09-21 19:00:22|INFO|cosmos_framework/callbacks/iter_speed.py:45:on_training_step_end] [RANK 7] Iteration 21: Hit counter: 21/50 | Loss: 0.3341 | Time: 8.98s
[09-21 19:00:22|INFO|cosmos_framework/callbacks/iter_speed.py:45:on_training_step_end] [RANK 6] Iteration 21: Hit counter: 21/50 | Loss: 0.3435 | Time: 8.98s
[09-21 19:00:28|INFO|cosmos_framework/callbacks/iter_speed.py:45:on_training_step_end] [RANK 4] Iteration 22: Hit counter: 22/50 | Loss: 0.4582 | Time: 6.09s
[09-21 19:00:28|INFO|cosmos_framework/callbacks/iter_speed.py:45:on_training_step_end] [RANK 6] Iteration 22: Hit counter: 22/50 | Loss: 0.2578 | Time: 6.09s
[09-21 19:00:28|INFO|cosmos_framework/callbacks/iter_speed.py:45:on_training_step_end] [RANK 5] Iteration 22: Hit counter: 22/50 | Loss: 0.8293 | Time: 6.09s
[09-21 19:00:28|INFO|cosmos_framework/callbacks/iter_speed.py:45:on_training_step_end] [RANK 1] Iteration 22: Hit counter: 22/50 | Loss: 0.3312 | Time: 6.09s
[09-21 19:00:28|INFO|cosmos_framework/callbacks/iter_speed.py:45:on_training_step_end] [RANK 3] Iteration 22: Hit counter: 22/50 | Loss: 0.2402 | Time: 6.09s
[09-21 19:00:28|INFO|cosmos_framework/callbacks/iter_speed.py:45:on_training_step_end] [RANK 7] Iteration 22: Hit counter: 22/50 | Loss: 1.9177 | Time: 6.09s
[09-21 19:00:28|INFO|cosmos_framework/callbacks/iter_speed.py:45:on_training_step_end] [RANK 2] Iteration 22: Hit counter: 22/50 | Loss: 0.2756 | Time: 6.09s
[09-21 19:00:28|INFO|cosmos_framework/callbacks/iter_speed.py:45:on_training_step_end] [RANK 0] Iteration 22: Hit counter: 22/50 | Loss: 0.4006 | Time: 6.09s
[09-21 19:00:31|INFO|cosmos_framework/callbacks/iter_speed.py:45:on_training_step_end] [RANK 7] Iteration 23: Hit counter: 23/50 | Loss: 0.3063 | Time: 2.97s
[09-21 19:00:31|INFO|cosmos_framework/callbacks/iter_speed.py:45:on_training_step_end] [RANK 4] Iteration 23: Hit counter: 23/50 | Loss: 0.2537 | Time: 2.97s
[09-21 19:00:31|INFO|cosmos_framework/callbacks/iter_speed.py:45:on_training_step_end] [RANK 5] Iteration 23: Hit counter: 23/50 | Loss: 0.2797 | Time: 2.97s
[09-21 19:00:31|INFO|cosmos_framework/callbacks/iter_speed.py:45:on_training_step_end] [RANK 6] Iteration 23: Hit counter: 23/50 | Loss: 0.3723 | Time: 2.97s
[09-21 19:00:31|INFO|cosmos_framework/callbacks/iter_speed.py:45:on_training_step_end] [RANK 0] Iteration 23: Hit counter: 23/50 | Loss: 0.4347 | Time: 2.97s
[09-21 19:00:31|INFO|cosmos_framework/callbacks/iter_speed.py:45:on_training_step_end] [RANK 3] Iteration 23: Hit counter: 23/50 | Loss: 0.3399 | Time: 2.97s
[09-21 19:00:31|INFO|cosmos_framework/callbacks/iter_speed.py:45:on_training_step_end] [RANK 2] Iteration 23: Hit counter: 23/50 | Loss: 0.2355 | Time: 2.97s
[09-21 19:00:31|INFO|cosmos_framework/callbacks/iter_speed.py:45:on_training_step_end] [RANK 1] Iteration 23: Hit counter: 23/50 | Loss: 0.4511 | Time: 2.97s
[09-21 19:00:35|INFO|cosmos_framework/callbacks/iter_speed.py:45:on_training_step_end] [RANK 4] Iteration 24: Hit counter: 24/50 | Loss: 0.2370 | Time: 4.45s
[09-21 19:00:35|INFO|cosmos_framework/callbacks/iter_speed.py:45:on_training_step_end] [RANK 0] Iteration 24: Hit counter: 24/50 | Loss: 0.4117 | Time: 4.45s
[09-21 19:00:35|INFO|cosmos_framework/callbacks/iter_speed.py:45:on_training_step_end] [RANK 7] Iteration 24: Hit counter: 24/50 | Loss: 0.2754 | Time: 4.45s
[09-21 19:00:35|INFO|cosmos_framework/callbacks/iter_speed.py:45:on_training_step_end] [RANK 1] Iteration 24: Hit counter: 24/50 | Loss: 0.4003 | Time: 4.45s
[09-21 19:00:35|INFO|cosmos_framework/callbacks/iter_speed.py:45:on_training_step_end] [RANK 2] Iteration 24: Hit counter: 24/50 | Loss: 0.2156 | Time: 4.45s
[09-21 19:00:35|INFO|cosmos_framework/callbacks/iter_speed.py:45:on_training_step_end] [RANK 5] Iteration 24: Hit counter: 24/50 | Loss: 0.3451 | Time: 4.45s
[09-21 19:00:35|INFO|cosmos_framework/callbacks/iter_speed.py:45:on_training_step_end] [RANK 6] Iteration 24: Hit counter: 24/50 | Loss: 0.3669 | Time: 4.45s
[09-21 19:00:35|INFO|cosmos_framework/callbacks/iter_speed.py:45:on_training_step_end] [RANK 3] Iteration 24: Hit counter: 24/50 | Loss: 0.3260 | Time: 4.45s
[09-21 19:00:44|INFO|cosmos_framework/callbacks/iter_speed.py:45:on_training_step_end] [RANK 6] Iteration 25: Hit counter: 25/50 | Loss: 0.5709 | Time: 8.78s
[09-21 19:00:44|INFO|cosmos_framework/callbacks/iter_speed.py:45:on_training_step_end] [RANK 7] Iteration 25: Hit counter: 25/50 | Loss: 0.2823 | Time: 8.78s
[09-21 19:00:44|INFO|cosmos_framework/callbacks/iter_speed.py:45:on_training_step_end] [RANK 5] Iteration 25: Hit counter: 25/50 | Loss: 0.3092 | Time: 8.78s
[09-21 19:00:44|INFO|cosmos_framework/callbacks/iter_speed.py:45:on_training_step_end] [RANK 4] Iteration 25: Hit counter: 25/50 | Loss: 0.7909 | Time: 8.78s
[09-21 19:00:44|INFO|cosmos_framework/callbacks/iter_speed.py:45:on_training_step_end] [RANK 0] Iteration 25: Hit counter: 25/50 | Loss: 0.2414 | Time: 8.79s
[09-21 19:00:44|INFO|cosmos_framework/callbacks/iter_speed.py:45:on_training_step_end] [RANK 3] Iteration 25: Hit counter: 25/50 | Loss: 0.3968 | Time: 8.79s
[09-21 19:00:44|INFO|cosmos_framework/callbacks/iter_speed.py:45:on_training_step_end] [RANK 2] Iteration 25: Hit counter: 25/50 | Loss: 0.2656 | Time: 8.79s
[09-21 19:00:44|INFO|cosmos_framework/callbacks/iter_speed.py:45:on_training_step_end] [RANK 1] Iteration 25: Hit counter: 25/50 | Loss: 0.3579 | Time: 8.79s
[09-21 19:00:50|INFO|cosmos_framework/callbacks/iter_speed.py:45:on_training_step_end] [RANK 7] Iteration 26: Hit counter: 26/50 | Loss: 0.2907 | Time: 6.19s
[09-21 19:00:50|INFO|cosmos_framework/callbacks/iter_speed.py:45:on_training_step_end] [RANK 4] Iteration 26: Hit counter: 26/50 | Loss: 0.3718 | Time: 6.19s
[09-21 19:00:50|INFO|cosmos_framework/callbacks/iter_speed.py:45:on_training_step_end] [RANK 6] Iteration 26: Hit counter: 26/50 | Loss: 0.3672 | Time: 6.19s
[09-21 19:00:50|INFO|cosmos_framework/callbacks/iter_speed.py:45:on_training_step_end] [RANK 5] Iteration 26: Hit counter: 26/50 | Loss: 0.2737 | Time: 6.19s
[09-21 19:00:50|INFO|cosmos_framework/callbacks/iter_speed.py:45:on_training_step_end] [RANK 0] Iteration 26: Hit counter: 26/50 | Loss: 0.3644 | Time: 6.19s
[09-21 19:00:50|INFO|cosmos_framework/callbacks/iter_speed.py:45:on_training_step_end] [RANK 2] Iteration 26: Hit counter: 26/50 | Loss: 0.3672 | Time: 6.19s
[09-21 19:00:50|INFO|cosmos_framework/callbacks/iter_speed.py:45:on_training_step_end] [RANK 1] Iteration 26: Hit counter: 26/50 | Loss: 0.3794 | Time: 6.19s
[09-21 19:00:50|INFO|cosmos_framework/callbacks/iter_speed.py:45:on_training_step_end] [RANK 3] Iteration 26: Hit counter: 26/50 | Loss: 0.3304 | Time: 6.19s
[09-21 19:00:53|INFO|cosmos_framework/callbacks/iter_speed.py:45:on_training_step_end] [RANK 6] Iteration 27: Hit counter: 27/50 | Loss: 0.5878 | Time: 2.96s
[09-21 19:00:53|INFO|cosmos_framework/callbacks/iter_speed.py:45:on_training_step_end] [RANK 7] Iteration 27: Hit counter: 27/50 | Loss: 0.2616 | Time: 2.96s
[09-21 19:00:53|INFO|cosmos_framework/callbacks/iter_speed.py:45:on_training_step_end] [RANK 4] Iteration 27: Hit counter: 27/50 | Loss: 0.7240 | Time: 2.96s
[09-21 19:00:53|INFO|cosmos_framework/callbacks/iter_speed.py:45:on_training_step_end] [RANK 5] Iteration 27: Hit counter: 27/50 | Loss: 0.3229 | Time: 2.96s
[09-21 19:00:53|INFO|cosmos_framework/callbacks/iter_speed.py:45:on_training_step_end] [RANK 2] Iteration 27: Hit counter: 27/50 | Loss: 0.3888 | Time: 2.96s
[09-21 19:00:53|INFO|cosmos_framework/callbacks/iter_speed.py:45:on_training_step_end] [RANK 1] Iteration 27: Hit counter: 27/50 | Loss: 0.3729 | Time: 2.96s
[09-21 19:00:53|INFO|cosmos_framework/callbacks/iter_speed.py:45:on_training_step_end] [RANK 0] Iteration 27: Hit counter: 27/50 | Loss: 0.2624 | Time: 2.96s
[09-21 19:00:53|INFO|cosmos_framework/callbacks/iter_speed.py:45:on_training_step_end] [RANK 3] Iteration 27: Hit counter: 27/50 | Loss: 0.4676 | Time: 2.96s
[09-21 19:00:58|INFO|cosmos_framework/callbacks/iter_speed.py:45:on_training_step_end] [RANK 7] Iteration 28: Hit counter: 28/50 | Loss: 0.4282 | Time: 4.75s
[09-21 19:00:58|INFO|cosmos_framework/callbacks/iter_speed.py:45:on_training_step_end] [RANK 1] Iteration 28: Hit counter: 28/50 | Loss: 0.4456 | Time: 4.75s
[09-21 19:00:58|INFO|cosmos_framework/callbacks/iter_speed.py:45:on_training_step_end] [RANK 2] Iteration 28: Hit counter: 28/50 | Loss: 0.3040 | Time: 4.75s
[09-21 19:00:58|INFO|cosmos_framework/callbacks/iter_speed.py:45:on_training_step_end] [RANK 6] Iteration 28: Hit counter: 28/50 | Loss: 0.2919 | Time: 4.75s
[09-21 19:00:58|INFO|cosmos_framework/callbacks/iter_speed.py:45:on_training_step_end] [RANK 4] Iteration 28: Hit counter: 28/50 | Loss: 0.4174 | Time: 4.75s
[09-21 19:00:58|INFO|cosmos_framework/callbacks/iter_speed.py:45:on_training_step_end] [RANK 5] Iteration 28: Hit counter: 28/50 | Loss: 0.3123 | Time: 4.75s
[09-21 19:00:58|INFO|cosmos_framework/callbacks/iter_speed.py:45:on_training_step_end] [RANK 3] Iteration 28: Hit counter: 28/50 | Loss: 0.3961 | Time: 4.75s
[09-21 19:00:58|INFO|cosmos_framework/callbacks/iter_speed.py:45:on_training_step_end] [RANK 0] Iteration 28: Hit counter: 28/50 | Loss: 0.4226 | Time: 4.75s
[09-21 19:01:07|INFO|cosmos_framework/callbacks/iter_speed.py:45:on_training_step_end] [RANK 4] Iteration 29: Hit counter: 29/50 | Loss: 0.5684 | Time: 8.46s
[09-21 19:01:07|INFO|cosmos_framework/callbacks/iter_speed.py:45:on_training_step_end] [RANK 5] Iteration 29: Hit counter: 29/50 | Loss: 0.7393 | Time: 8.46s
[09-21 19:01:07|INFO|cosmos_framework/callbacks/iter_speed.py:45:on_training_step_end] [RANK 6] Iteration 29: Hit counter: 29/50 | Loss: 0.2981 | Time: 8.46s
[09-21 19:01:07|INFO|cosmos_framework/callbacks/iter_speed.py:45:on_training_step_end] [RANK 1] Iteration 29: Hit counter: 29/50 | Loss: 0.4600 | Time: 8.46s
[09-21 19:01:07|INFO|cosmos_framework/callbacks/iter_speed.py:45:on_training_step_end] [RANK 0] Iteration 29: Hit counter: 29/50 | Loss: 0.3533 | Time: 8.46s
[09-21 19:01:07|INFO|cosmos_framework/callbacks/iter_speed.py:45:on_training_step_end] [RANK 3] Iteration 29: Hit counter: 29/50 | Loss: 0.4673 | Time: 8.46s
[09-21 19:01:07|INFO|cosmos_framework/callbacks/iter_speed.py:45:on_training_step_end] [RANK 7] Iteration 29: Hit counter: 29/50 | Loss: 0.8942 | Time: 8.46s
[09-21 19:01:07|INFO|cosmos_framework/callbacks/iter_speed.py:45:on_training_step_end] [RANK 2] Iteration 29: Hit counter: 29/50 | Loss: 0.8227 | Time: 8.47s
[09-21 19:01:13|INFO|cosmos_framework/callbacks/iter_speed.py:45:on_training_step_end] [RANK 0] Iteration 30: Hit counter: 30/50 | Loss: 0.4835 | Time: 6.14s
[09-21 19:01:13|INFO|cosmos_framework/callbacks/iter_speed.py:45:on_training_step_end] [RANK 3] Iteration 30: Hit counter: 30/50 | Loss: 0.3512 | Time: 6.14s
[09-21 19:01:13|INFO|cosmos_framework/callbacks/iter_speed.py:45:on_training_step_end] [RANK 1] Iteration 30: Hit counter: 30/50 | Loss: 0.5149 | Time: 6.14s
[09-21 19:01:13|INFO|cosmos_framework/callbacks/iter_speed.py:45:on_training_step_end] [RANK 6] Iteration 30: Hit counter: 30/50 | Loss: 0.2850 | Time: 6.14s
[09-21 19:01:13|INFO|cosmos_framework/callbacks/iter_speed.py:45:on_training_step_end] [RANK 7] Iteration 30: Hit counter: 30/50 | Loss: 0.2838 | Time: 6.14s
[09-21 19:01:13|INFO|cosmos_framework/callbacks/iter_speed.py:45:on_training_step_end] [RANK 4] Iteration 30: Hit counter: 30/50 | Loss: 0.5950 | Time: 6.14s
[09-21 19:01:13|INFO|cosmos_framework/callbacks/iter_speed.py:45:on_training_step_end] [RANK 5] Iteration 30: Hit counter: 30/50 | Loss: 0.3644 | Time: 6.14s
[09-21 19:01:13|INFO|cosmos_framework/callbacks/iter_speed.py:45:on_training_step_end] [RANK 2] Iteration 30: Hit counter: 30/50 | Loss: 0.6610 | Time: 6.13s
[09-21 19:01:13|WARNING|cosmos_framework/callbacks/ofu.py:252:every_n_impl] OFUCallback: no nvidia-smi samples collected at iteration 30. Check that the dmon subprocess launched and that the mmaact column is present.
[09-21 19:01:16|INFO|cosmos_framework/callbacks/grad_clip.py:325:on_before_optimizer_step] [RANK 2] clip_grad_norm/video/global: 0.12695 (iteration 30)
[09-21 19:01:16|INFO|cosmos_framework/callbacks/grad_clip.py:325:on_before_optimizer_step] [RANK 3] clip_grad_norm/video/global: 0.12695 (iteration 30)
[09-21 19:01:16|INFO|cosmos_framework/callbacks/grad_clip.py:325:on_before_optimizer_step] [RANK 1] clip_grad_norm/video/global: 0.12695 (iteration 30)
[09-21 19:01:16|INFO|cosmos_framework/callbacks/grad_clip.py:325:on_before_optimizer_step] [RANK 6] clip_grad_norm/video/global: 0.12695 (iteration 30)
[09-21 19:01:16|INFO|cosmos_framework/callbacks/grad_clip.py:325:on_before_optimizer_step] [RANK 5] clip_grad_norm/video/global: 0.12695 (iteration 30)
[09-21 19:01:16|INFO|cosmos_framework/callbacks/grad_clip.py:325:on_before_optimizer_step] [RANK 4] clip_grad_norm/video/global: 0.12695 (iteration 30)
[09-21 19:01:16|INFO|cosmos_framework/callbacks/grad_clip.py:325:on_before_optimizer_step] [RANK 7] clip_grad_norm/video/global: 0.12695 (iteration 30)
[09-21 19:01:16|INFO|cosmos_framework/callbacks/grad_clip.py:325:on_before_optimizer_step] [RANK 0] clip_grad_norm/video/global: 0.12695 (iteration 30)
[09-21 19:01:16|INFO|cosmos_framework/callbacks/iter_speed.py:45:on_training_step_end] [RANK 2] Iteration 31: Hit counter: 31/50 | Loss: 0.4345 | Time: 2.99s
[09-21 19:01:16|INFO|cosmos_framework/callbacks/iter_speed.py:45:on_training_step_end] [RANK 1] Iteration 31: Hit counter: 31/50 | Loss: 0.2561 | Time: 3.00s
[09-21 19:01:16|INFO|cosmos_framework/callbacks/iter_speed.py:45:on_training_step_end] [RANK 4] Iteration 31: Hit counter: 31/50 | Loss: 0.2807 | Time: 3.00s
[09-21 19:01:16|INFO|cosmos_framework/callbacks/iter_speed.py:45:on_training_step_end] [RANK 3] Iteration 31: Hit counter: 31/50 | Loss: 0.4470 | Time: 3.00s
[09-21 19:01:16|INFO|cosmos_framework/callbacks/iter_speed.py:45:on_training_step_end] [RANK 6] Iteration 31: Hit counter: 31/50 | Loss: 0.2079 | Time: 3.00s
[09-21 19:01:16|INFO|cosmos_framework/callbacks/iter_speed.py:45:on_training_step_end] [RANK 7] Iteration 31: Hit counter: 31/50 | Loss: 0.9165 | Time: 3.00s
[09-21 19:01:16|INFO|cosmos_framework/callbacks/iter_speed.py:45:on_training_step_end] [RANK 5] Iteration 31: Hit counter: 31/50 | Loss: 0.6924 | Time: 3.00s
[09-21 19:01:16|INFO|cosmos_framework/callbacks/iter_speed.py:45:on_training_step_end] [RANK 0] Iteration 31: Hit counter: 31/50 | Loss: 0.5567 | Time: 3.00s
[09-21 19:01:21|INFO|cosmos_framework/callbacks/iter_speed.py:45:on_training_step_end] [RANK 7] Iteration 32: Hit counter: 32/50 | Loss: 0.2238 | Time: 4.98s
[09-21 19:01:21|INFO|cosmos_framework/callbacks/iter_speed.py:45:on_training_step_end] [RANK 1] Iteration 32: Hit counter: 32/50 | Loss: 0.4618 | Time: 4.98s
[09-21 19:01:21|INFO|cosmos_framework/callbacks/iter_speed.py:45:on_training_step_end] [RANK 2] Iteration 32: Hit counter: 32/50 | Loss: 0.3107 | Time: 4.98s
[09-21 19:01:21|INFO|cosmos_framework/callbacks/iter_speed.py:45:on_training_step_end] [RANK 5] Iteration 32: Hit counter: 32/50 | Loss: 0.6817 | Time: 4.98s
[09-21 19:01:21|INFO|cosmos_framework/callbacks/iter_speed.py:45:on_training_step_end] [RANK 3] Iteration 32: Hit counter: 32/50 | Loss: 0.9153 | Time: 4.98s
[09-21 19:01:21|INFO|cosmos_framework/callbacks/iter_speed.py:45:on_training_step_end] [RANK 4] Iteration 32: Hit counter: 32/50 | Loss: 0.4452 | Time: 4.98s
[09-21 19:01:21|INFO|cosmos_framework/callbacks/iter_speed.py:45:on_training_step_end] [RANK 6] Iteration 32: Hit counter: 32/50 | Loss: 0.4905 | Time: 4.98s
[09-21 19:01:21|INFO|cosmos_framework/callbacks/iter_speed.py:45:on_training_step_end] [RANK 0] Iteration 32: Hit counter: 32/50 | Loss: 0.2737 | Time: 4.98s
[09-21 19:01:29|INFO|cosmos_framework/callbacks/iter_speed.py:45:on_training_step_end] [RANK 1] Iteration 33: Hit counter: 33/50 | Loss: 0.4378 | Time: 8.22s
[09-21 19:01:29|INFO|cosmos_framework/callbacks/iter_speed.py:45:on_training_step_end] [RANK 3] Iteration 33: Hit counter: 33/50 | Loss: 0.3543 | Time: 8.22s
[09-21 19:01:29|INFO|cosmos_framework/callbacks/iter_speed.py:45:on_training_step_end] [RANK 2] Iteration 33: Hit counter: 33/50 | Loss: 0.2926 | Time: 8.22s
[09-21 19:01:29|INFO|cosmos_framework/callbacks/iter_speed.py:45:on_training_step_end] [RANK 4] Iteration 33: Hit counter: 33/50 | Loss: 0.2437 | Time: 8.22s
[09-21 19:01:29|INFO|cosmos_framework/callbacks/iter_speed.py:45:on_training_step_end] [RANK 0] Iteration 33: Hit counter: 33/50 | Loss: 0.4793 | Time: 8.22s
[09-21 19:01:29|INFO|cosmos_framework/callbacks/iter_speed.py:45:on_training_step_end] [RANK 6] Iteration 33: Hit counter: 33/50 | Loss: 0.2630 | Time: 8.22s
[09-21 19:01:29|INFO|cosmos_framework/callbacks/iter_speed.py:45:on_training_step_end] [RANK 5] Iteration 33: Hit counter: 33/50 | Loss: 0.5554 | Time: 8.22s
[09-21 19:01:29|INFO|cosmos_framework/callbacks/iter_speed.py:45:on_training_step_end] [RANK 7] Iteration 33: Hit counter: 33/50 | Loss: 1.4544 | Time: 8.22s
[09-21 19:01:35|INFO|cosmos_framework/callbacks/iter_speed.py:45:on_training_step_end] [RANK 4] Iteration 34: Hit counter: 34/50 | Loss: 0.3381 | Time: 6.18s
[09-21 19:01:35|INFO|cosmos_framework/callbacks/iter_speed.py:45:on_training_step_end] [RANK 7] Iteration 34: Hit counter: 34/50 | Loss: 0.5096 | Time: 6.18s
[09-21 19:01:35|INFO|cosmos_framework/callbacks/iter_speed.py:45:on_training_step_end] [RANK 0] Iteration 34: Hit counter: 34/50 | Loss: 0.4471 | Time: 6.18s
[09-21 19:01:35|INFO|cosmos_framework/callbacks/iter_speed.py:45:on_training_step_end] [RANK 3] Iteration 34: Hit counter: 34/50 | Loss: 0.8123 | Time: 6.18s
[09-21 19:01:35|INFO|cosmos_framework/callbacks/iter_speed.py:45:on_training_step_end] [RANK 1] Iteration 34: Hit counter: 34/50 | Loss: 0.3882 | Time: 6.18s
[09-21 19:01:35|INFO|cosmos_framework/callbacks/iter_speed.py:45:on_training_step_end] [RANK 2] Iteration 34: Hit counter: 34/50 | Loss: 0.5332 | Time: 6.18s
[09-21 19:01:35|INFO|cosmos_framework/callbacks/iter_speed.py:45:on_training_step_end] [RANK 6] Iteration 34: Hit counter: 34/50 | Loss: 0.3236 | Time: 6.18s
[09-21 19:01:35|INFO|cosmos_framework/callbacks/iter_speed.py:45:on_training_step_end] [RANK 5] Iteration 34: Hit counter: 34/50 | Loss: 0.2324 | Time: 6.18s
[09-21 19:01:38|INFO|cosmos_framework/callbacks/iter_speed.py:45:on_training_step_end] [RANK 7] Iteration 35: Hit counter: 35/50 | Loss: 0.5292 | Time: 2.97s
[09-21 19:01:38|INFO|cosmos_framework/callbacks/iter_speed.py:45:on_training_step_end] [RANK 6] Iteration 35: Hit counter: 35/50 | Loss: 0.6656 | Time: 2.97s
[09-21 19:01:38|INFO|cosmos_framework/callbacks/iter_speed.py:45:on_training_step_end] [RANK 4] Iteration 35: Hit counter: 35/50 | Loss: 0.3329 | Time: 2.97s
[09-21 19:01:38|INFO|cosmos_framework/callbacks/iter_speed.py:45:on_training_step_end] [RANK 5] Iteration 35: Hit counter: 35/50 | Loss: 0.3360 | Time: 2.97s
[09-21 19:01:38|INFO|cosmos_framework/callbacks/iter_speed.py:45:on_training_step_end] [RANK 0] Iteration 35: Hit counter: 35/50 | Loss: 0.8463 | Time: 2.97s
[09-21 19:01:38|INFO|cosmos_framework/callbacks/iter_speed.py:45:on_training_step_end] [RANK 3] Iteration 35: Hit counter: 35/50 | Loss: 0.2853 | Time: 2.97s
[09-21 19:01:38|INFO|cosmos_framework/callbacks/iter_speed.py:45:on_training_step_end] [RANK 1] Iteration 35: Hit counter: 35/50 | Loss: 0.3342 | Time: 2.97s
[09-21 19:01:38|INFO|cosmos_framework/callbacks/iter_speed.py:45:on_training_step_end] [RANK 2] Iteration 35: Hit counter: 35/50 | Loss: 0.2861 | Time: 2.97s
[09-21 19:01:43|INFO|cosmos_framework/callbacks/iter_speed.py:45:on_training_step_end] [RANK 4] Iteration 36: Hit counter: 36/50 | Loss: 0.2693 | Time: 5.31s
[09-21 19:01:43|INFO|cosmos_framework/callbacks/iter_speed.py:45:on_training_step_end] [RANK 7] Iteration 36: Hit counter: 36/50 | Loss: 0.4590 | Time: 5.31s
[09-21 19:01:43|INFO|cosmos_framework/callbacks/iter_speed.py:45:on_training_step_end] [RANK 5] Iteration 36: Hit counter: 36/50 | Loss: 0.2481 | Time: 5.31s
[09-21 19:01:43|INFO|cosmos_framework/callbacks/iter_speed.py:45:on_training_step_end] [RANK 6] Iteration 36: Hit counter: 36/50 | Loss: 0.2231 | Time: 5.31s
[09-21 19:01:43|INFO|cosmos_framework/callbacks/iter_speed.py:45:on_training_step_end] [RANK 0] Iteration 36: Hit counter: 36/50 | Loss: 0.2414 | Time: 5.31s
[09-21 19:01:43|INFO|cosmos_framework/callbacks/iter_speed.py:45:on_training_step_end] [RANK 3] Iteration 36: Hit counter: 36/50 | Loss: 0.3358 | Time: 5.31s
[09-21 19:01:43|INFO|cosmos_framework/callbacks/iter_speed.py:45:on_training_step_end] [RANK 1] Iteration 36: Hit counter: 36/50 | Loss: 0.3062 | Time: 5.31s
[09-21 19:01:43|INFO|cosmos_framework/callbacks/iter_speed.py:45:on_training_step_end] [RANK 2] Iteration 36: Hit counter: 36/50 | Loss: 0.5235 | Time: 5.32s
[09-21 19:01:51|INFO|cosmos_framework/callbacks/iter_speed.py:45:on_training_step_end] [RANK 7] Iteration 37: Hit counter: 37/50 | Loss: 0.3733 | Time: 7.75s
[09-21 19:01:51|INFO|cosmos_framework/callbacks/iter_speed.py:45:on_training_step_end] [RANK 0] Iteration 37: Hit counter: 37/50 | Loss: 0.3454 | Time: 7.75s
[09-21 19:01:51|INFO|cosmos_framework/callbacks/iter_speed.py:45:on_training_step_end] [RANK 2] Iteration 37: Hit counter: 37/50 | Loss: 0.2299 | Time: 7.75s
[09-21 19:01:51|INFO|cosmos_framework/callbacks/iter_speed.py:45:on_training_step_end] [RANK 6] Iteration 37: Hit counter: 37/50 | Loss: 0.3589 | Time: 7.75s
[09-21 19:01:51|INFO|cosmos_framework/callbacks/iter_speed.py:45:on_training_step_end] [RANK 4] Iteration 37: Hit counter: 37/50 | Loss: 0.2621 | Time: 7.75s
[09-21 19:01:51|INFO|cosmos_framework/callbacks/iter_speed.py:45:on_training_step_end] [RANK 5] Iteration 37: Hit counter: 37/50 | Loss: 0.4330 | Time: 7.75s
[09-21 19:01:51|INFO|cosmos_framework/callbacks/iter_speed.py:45:on_training_step_end] [RANK 3] Iteration 37: Hit counter: 37/50 | Loss: 0.2836 | Time: 7.75s
[09-21 19:01:51|INFO|cosmos_framework/callbacks/iter_speed.py:45:on_training_step_end] [RANK 1] Iteration 37: Hit counter: 37/50 | Loss: 0.3287 | Time: 7.76s
[09-21 19:01:57|INFO|cosmos_framework/callbacks/iter_speed.py:45:on_training_step_end] [RANK 7] Iteration 38: Hit counter: 38/50 | Loss: 0.2538 | Time: 6.18s
[09-21 19:01:57|INFO|cosmos_framework/callbacks/iter_speed.py:45:on_training_step_end] [RANK 6] Iteration 38: Hit counter: 38/50 | Loss: 0.2496 | Time: 6.18s
[09-21 19:01:57|INFO|cosmos_framework/callbacks/iter_speed.py:45:on_training_step_end] [RANK 5] Iteration 38: Hit counter: 38/50 | Loss: 0.3514 | Time: 6.18s
[09-21 19:01:57|INFO|cosmos_framework/callbacks/iter_speed.py:45:on_training_step_end] [RANK 4] Iteration 38: Hit counter: 38/50 | Loss: 0.4331 | Time: 6.18s
[09-21 19:01:57|INFO|cosmos_framework/callbacks/iter_speed.py:45:on_training_step_end] [RANK 2] Iteration 38: Hit counter: 38/50 | Loss: 0.4351 | Time: 6.18s
[09-21 19:01:57|INFO|cosmos_framework/callbacks/iter_speed.py:45:on_training_step_end] [RANK 3] Iteration 38: Hit counter: 38/50 | Loss: 1.0774 | Time: 6.18s
[09-21 19:01:57|INFO|cosmos_framework/callbacks/iter_speed.py:45:on_training_step_end] [RANK 0] Iteration 38: Hit counter: 38/50 | Loss: 0.5187 | Time: 6.18s
[09-21 19:01:57|INFO|cosmos_framework/callbacks/iter_speed.py:45:on_training_step_end] [RANK 1] Iteration 38: Hit counter: 38/50 | Loss: 0.2723 | Time: 6.17s
[09-21 19:02:00|INFO|cosmos_framework/callbacks/iter_speed.py:45:on_training_step_end] [RANK 4] Iteration 39: Hit counter: 39/50 | Loss: 0.3261 | Time: 2.99s
[09-21 19:02:00|INFO|cosmos_framework/callbacks/iter_speed.py:45:on_training_step_end] [RANK 6] Iteration 39: Hit counter: 39/50 | Loss: 0.2851 | Time: 2.99s
[09-21 19:02:00|INFO|cosmos_framework/callbacks/iter_speed.py:45:on_training_step_end] [RANK 7] Iteration 39: Hit counter: 39/50 | Loss: 0.6657 | Time: 2.99s
[09-21 19:02:00|INFO|cosmos_framework/callbacks/iter_speed.py:45:on_training_step_end] [RANK 3] Iteration 39: Hit counter: 39/50 | Loss: 0.3838 | Time: 2.99s
[09-21 19:02:00|INFO|cosmos_framework/callbacks/iter_speed.py:45:on_training_step_end] [RANK 2] Iteration 39: Hit counter: 39/50 | Loss: 0.4255 | Time: 2.99s
[09-21 19:02:00|INFO|cosmos_framework/callbacks/iter_speed.py:45:on_training_step_end] [RANK 1] Iteration 39: Hit counter: 39/50 | Loss: 0.4449 | Time: 2.99s
[09-21 19:02:00|INFO|cosmos_framework/callbacks/iter_speed.py:45:on_training_step_end] [RANK 5] Iteration 39: Hit counter: 39/50 | Loss: 0.2995 | Time: 2.99s
[09-21 19:02:00|INFO|cosmos_framework/callbacks/iter_speed.py:45:on_training_step_end] [RANK 0] Iteration 39: Hit counter: 39/50 | Loss: 0.4410 | Time: 2.99s
[09-21 19:02:06|INFO|cosmos_framework/callbacks/iter_speed.py:45:on_training_step_end] [RANK 4] Iteration 40: Hit counter: 40/50 | Loss: 0.3456 | Time: 5.59s
[09-21 19:02:06|INFO|cosmos_framework/callbacks/iter_speed.py:45:on_training_step_end] [RANK 6] Iteration 40: Hit counter: 40/50 | Loss: 0.2359 | Time: 5.59s
[09-21 19:02:06|INFO|cosmos_framework/callbacks/iter_speed.py:45:on_training_step_end] [RANK 2] Iteration 40: Hit counter: 40/50 | Loss: 0.4244 | Time: 5.59s
[09-21 19:02:06|INFO|cosmos_framework/callbacks/iter_speed.py:45:on_training_step_end] [RANK 3] Iteration 40: Hit counter: 40/50 | Loss: 0.3561 | Time: 5.59s
[09-21 19:02:06|INFO|cosmos_framework/callbacks/iter_speed.py:45:on_training_step_end] [RANK 5] Iteration 40: Hit counter: 40/50 | Loss: 0.3489 | Time: 5.59s
[09-21 19:02:06|INFO|cosmos_framework/callbacks/iter_speed.py:45:on_training_step_end] [RANK 1] Iteration 40: Hit counter: 40/50 | Loss: 0.2948 | Time: 5.59s
[09-21 19:02:06|INFO|cosmos_framework/callbacks/iter_speed.py:45:on_training_step_end] [RANK 7] Iteration 40: Hit counter: 40/50 | Loss: 1.1311 | Time: 5.59s
[09-21 19:02:06|INFO|cosmos_framework/callbacks/iter_speed.py:45:on_training_step_end] [RANK 0] Iteration 40: Hit counter: 40/50 | Loss: 0.2704 | Time: 5.59s
[09-21 19:02:06|WARNING|cosmos_framework/callbacks/ofu.py:252:every_n_impl] OFUCallback: no nvidia-smi samples collected at iteration 40. Check that the dmon subprocess launched and that the mmaact column is present.
[09-21 19:02:13|INFO|cosmos_framework/callbacks/grad_clip.py:325:on_before_optimizer_step] [RANK 6] clip_grad_norm/video/global: 0.07861 (iteration 40)
[09-21 19:02:13|INFO|cosmos_framework/callbacks/grad_clip.py:325:on_before_optimizer_step] [RANK 2] clip_grad_norm/video/global: 0.07861 (iteration 40)
[09-21 19:02:13|INFO|cosmos_framework/callbacks/grad_clip.py:325:on_before_optimizer_step] [RANK 7] clip_grad_norm/video/global: 0.07861 (iteration 40)
[09-21 19:02:13|INFO|cosmos_framework/callbacks/grad_clip.py:325:on_before_optimizer_step] [RANK 4] clip_grad_norm/video/global: 0.07861 (iteration 40)
[09-21 19:02:13|INFO|cosmos_framework/callbacks/grad_clip.py:325:on_before_optimizer_step] [RANK 3] clip_grad_norm/video/global: 0.07861 (iteration 40)
[09-21 19:02:13|INFO|cosmos_framework/callbacks/grad_clip.py:325:on_before_optimizer_step] [RANK 5] clip_grad_norm/video/global: 0.07861 (iteration 40)
[09-21 19:02:13|INFO|cosmos_framework/callbacks/grad_clip.py:325:on_before_optimizer_step] [RANK 0] clip_grad_norm/video/global: 0.07861 (iteration 40)
[09-21 19:02:13|INFO|cosmos_framework/callbacks/grad_clip.py:325:on_before_optimizer_step] [RANK 1] clip_grad_norm/video/global: 0.07861 (iteration 40)
[09-21 19:02:13|INFO|cosmos_framework/callbacks/iter_speed.py:45:on_training_step_end] [RANK 3] Iteration 41: Hit counter: 41/50 | Loss: 0.2936 | Time: 7.54s
[09-21 19:02:13|INFO|cosmos_framework/callbacks/iter_speed.py:45:on_training_step_end] [RANK 2] Iteration 41: Hit counter: 41/50 | Loss: 0.4732 | Time: 7.54s
[09-21 19:02:13|INFO|cosmos_framework/callbacks/iter_speed.py:45:on_training_step_end] [RANK 0] Iteration 41: Hit counter: 41/50 | Loss: 0.3862 | Time: 7.54s
[09-21 19:02:13|INFO|cosmos_framework/callbacks/iter_speed.py:45:on_training_step_end] [RANK 7] Iteration 41: Hit counter: 41/50 | Loss: 0.4396 | Time: 7.54s
[09-21 19:02:13|INFO|cosmos_framework/callbacks/iter_speed.py:45:on_training_step_end] [RANK 4] Iteration 41: Hit counter: 41/50 | Loss: 0.2873 | Time: 7.54s
[09-21 19:02:13|INFO|cosmos_framework/callbacks/iter_speed.py:45:on_training_step_end] [RANK 6] Iteration 41: Hit counter: 41/50 | Loss: 0.3177 | Time: 7.54s
[09-21 19:02:13|INFO|cosmos_framework/callbacks/iter_speed.py:45:on_training_step_end] [RANK 5] Iteration 41: Hit counter: 41/50 | Loss: 0.4911 | Time: 7.54s
[09-21 19:02:13|INFO|cosmos_framework/callbacks/iter_speed.py:45:on_training_step_end] [RANK 1] Iteration 41: Hit counter: 41/50 | Loss: 0.4337 | Time: 7.55s
[09-21 19:02:20|INFO|cosmos_framework/callbacks/iter_speed.py:45:on_training_step_end] [RANK 4] Iteration 42: Hit counter: 42/50 | Loss: 0.3755 | Time: 6.22s
[09-21 19:02:20|INFO|cosmos_framework/callbacks/iter_speed.py:45:on_training_step_end] [RANK 7] Iteration 42: Hit counter: 42/50 | Loss: 0.4099 | Time: 6.22s
[09-21 19:02:20|INFO|cosmos_framework/callbacks/iter_speed.py:45:on_training_step_end] [RANK 5] Iteration 42: Hit counter: 42/50 | Loss: 0.1838 | Time: 6.22s
[09-21 19:02:20|INFO|cosmos_framework/callbacks/iter_speed.py:45:on_training_step_end] [RANK 2] Iteration 42: Hit counter: 42/50 | Loss: 0.2832 | Time: 6.22s
[09-21 19:02:20|INFO|cosmos_framework/callbacks/iter_speed.py:45:on_training_step_end] [RANK 6] Iteration 42: Hit counter: 42/50 | Loss: 0.3730 | Time: 6.22s
[09-21 19:02:20|INFO|cosmos_framework/callbacks/iter_speed.py:45:on_training_step_end] [RANK 1] Iteration 42: Hit counter: 42/50 | Loss: 0.2283 | Time: 6.21s
[09-21 19:02:20|INFO|cosmos_framework/callbacks/iter_speed.py:45:on_training_step_end] [RANK 3] Iteration 42: Hit counter: 42/50 | Loss: 0.4735 | Time: 6.22s
[09-21 19:02:20|INFO|cosmos_framework/callbacks/iter_speed.py:45:on_training_step_end] [RANK 0] Iteration 42: Hit counter: 42/50 | Loss: 0.8154 | Time: 6.22s
[09-21 19:02:23|INFO|cosmos_framework/callbacks/iter_speed.py:45:on_training_step_end] [RANK 5] Iteration 43: Hit counter: 43/50 | Loss: 0.2780 | Time: 2.95s
[09-21 19:02:23|INFO|cosmos_framework/callbacks/iter_speed.py:45:on_training_step_end] [RANK 6] Iteration 43: Hit counter: 43/50 | Loss: 0.2247 | Time: 2.95s
[09-21 19:02:23|INFO|cosmos_framework/callbacks/iter_speed.py:45:on_training_step_end] [RANK 4] Iteration 43: Hit counter: 43/50 | Loss: 0.2728 | Time: 2.95s
[09-21 19:02:23|INFO|cosmos_framework/callbacks/iter_speed.py:45:on_training_step_end] [RANK 7] Iteration 43: Hit counter: 43/50 | Loss: 0.2664 | Time: 2.95s
[09-21 19:02:23|INFO|cosmos_framework/callbacks/iter_speed.py:45:on_training_step_end] [RANK 3] Iteration 43: Hit counter: 43/50 | Loss: 0.7350 | Time: 2.95s
[09-21 19:02:23|INFO|cosmos_framework/callbacks/iter_speed.py:45:on_training_step_end] [RANK 1] Iteration 43: Hit counter: 43/50 | Loss: 0.3779 | Time: 2.95s
[09-21 19:02:23|INFO|cosmos_framework/callbacks/iter_speed.py:45:on_training_step_end] [RANK 2] Iteration 43: Hit counter: 43/50 | Loss: 0.2918 | Time: 2.95s
[09-21 19:02:23|INFO|cosmos_framework/callbacks/iter_speed.py:45:on_training_step_end] [RANK 0] Iteration 43: Hit counter: 43/50 | Loss: 0.3585 | Time: 2.95s
[09-21 19:02:28|INFO|cosmos_framework/callbacks/iter_speed.py:45:on_training_step_end] [RANK 2] Iteration 44: Hit counter: 44/50 | Loss: 0.2565 | Time: 5.90s
[09-21 19:02:28|INFO|cosmos_framework/callbacks/iter_speed.py:45:on_training_step_end] [RANK 3] Iteration 44: Hit counter: 44/50 | Loss: 0.3821 | Time: 5.91s
[09-21 19:02:28|INFO|cosmos_framework/callbacks/iter_speed.py:45:on_training_step_end] [RANK 1] Iteration 44: Hit counter: 44/50 | Loss: 0.2590 | Time: 5.90s
[09-21 19:02:28|INFO|cosmos_framework/callbacks/iter_speed.py:45:on_training_step_end] [RANK 5] Iteration 44: Hit counter: 44/50 | Loss: 0.2724 | Time: 5.91s
[09-21 19:02:28|INFO|cosmos_framework/callbacks/iter_speed.py:45:on_training_step_end] [RANK 6] Iteration 44: Hit counter: 44/50 | Loss: 0.4030 | Time: 5.91s
[09-21 19:02:28|INFO|cosmos_framework/callbacks/iter_speed.py:45:on_training_step_end] [RANK 0] Iteration 44: Hit counter: 44/50 | Loss: 0.8217 | Time: 5.91s
[09-21 19:02:28|INFO|cosmos_framework/callbacks/iter_speed.py:45:on_training_step_end] [RANK 7] Iteration 44: Hit counter: 44/50 | Loss: 0.2869 | Time: 5.91s
[09-21 19:02:28|INFO|cosmos_framework/callbacks/iter_speed.py:45:on_training_step_end] [RANK 4] Iteration 44: Hit counter: 44/50 | Loss: 0.4193 | Time: 5.91s
[09-21 19:02:36|INFO|cosmos_framework/callbacks/iter_speed.py:45:on_training_step_end] [RANK 1] Iteration 45: Hit counter: 45/50 | Loss: 0.4750 | Time: 7.17s
[09-21 19:02:36|INFO|cosmos_framework/callbacks/iter_speed.py:45:on_training_step_end] [RANK 3] Iteration 45: Hit counter: 45/50 | Loss: 0.6083 | Time: 7.17s
[09-21 19:02:36|INFO|cosmos_framework/callbacks/iter_speed.py:45:on_training_step_end] [RANK 2] Iteration 45: Hit counter: 45/50 | Loss: 0.2191 | Time: 7.17s
[09-21 19:02:36|INFO|cosmos_framework/callbacks/iter_speed.py:45:on_training_step_end] [RANK 0] Iteration 45: Hit counter: 45/50 | Loss: 0.3629 | Time: 7.17s
[09-21 19:02:36|INFO|cosmos_framework/callbacks/iter_speed.py:45:on_training_step_end] [RANK 4] Iteration 45: Hit counter: 45/50 | Loss: 0.2934 | Time: 7.17s
[09-21 19:02:36|INFO|cosmos_framework/callbacks/iter_speed.py:45:on_training_step_end] [RANK 6] Iteration 45: Hit counter: 45/50 | Loss: 0.5195 | Time: 7.17s
[09-21 19:02:36|INFO|cosmos_framework/callbacks/iter_speed.py:45:on_training_step_end] [RANK 5] Iteration 45: Hit counter: 45/50 | Loss: 0.4469 | Time: 7.17s
[09-21 19:02:36|INFO|cosmos_framework/callbacks/iter_speed.py:45:on_training_step_end] [RANK 7] Iteration 45: Hit counter: 45/50 | Loss: 0.3111 | Time: 7.17s
[09-21 19:02:42|INFO|cosmos_framework/callbacks/iter_speed.py:45:on_training_step_end] [RANK 7] Iteration 46: Hit counter: 46/50 | Loss: 0.4653 | Time: 6.25s
[09-21 19:02:42|INFO|cosmos_framework/callbacks/iter_speed.py:45:on_training_step_end] [RANK 5] Iteration 46: Hit counter: 46/50 | Loss: 0.2257 | Time: 6.26s
[09-21 19:02:42|INFO|cosmos_framework/callbacks/iter_speed.py:45:on_training_step_end] [RANK 6] Iteration 46: Hit counter: 46/50 | Loss: 0.4796 | Time: 6.26s
[09-21 19:02:42|INFO|cosmos_framework/callbacks/iter_speed.py:45:on_training_step_end] [RANK 4] Iteration 46: Hit counter: 46/50 | Loss: 0.2803 | Time: 6.26s
[09-21 19:02:42|INFO|cosmos_framework/callbacks/iter_speed.py:45:on_training_step_end] [RANK 3] Iteration 46: Hit counter: 46/50 | Loss: 0.4690 | Time: 6.26s
[09-21 19:02:42|INFO|cosmos_framework/callbacks/iter_speed.py:45:on_training_step_end] [RANK 1] Iteration 46: Hit counter: 46/50 | Loss: 0.2841 | Time: 6.26s
[09-21 19:02:42|INFO|cosmos_framework/callbacks/iter_speed.py:45:on_training_step_end] [RANK 0] Iteration 46: Hit counter: 46/50 | Loss: 0.3013 | Time: 6.26s
[09-21 19:02:42|INFO|cosmos_framework/callbacks/iter_speed.py:45:on_training_step_end] [RANK 2] Iteration 46: Hit counter: 46/50 | Loss: 0.2993 | Time: 6.26s
[09-21 19:02:45|INFO|cosmos_framework/callbacks/iter_speed.py:45:on_training_step_end] [RANK 6] Iteration 47: Hit counter: 47/50 | Loss: 0.3320 | Time: 2.95s
[09-21 19:02:45|INFO|cosmos_framework/callbacks/iter_speed.py:45:on_training_step_end] [RANK 1] Iteration 47: Hit counter: 47/50 | Loss: 0.2407 | Time: 2.94s
[09-21 19:02:45|INFO|cosmos_framework/callbacks/iter_speed.py:45:on_training_step_end] [RANK 0] Iteration 47: Hit counter: 47/50 | Loss: 0.3581 | Time: 2.94s
[09-21 19:02:45|INFO|cosmos_framework/callbacks/iter_speed.py:45:on_training_step_end] [RANK 3] Iteration 47: Hit counter: 47/50 | Loss: 1.0105 | Time: 2.94s
[09-21 19:02:45|INFO|cosmos_framework/callbacks/iter_speed.py:45:on_training_step_end] [RANK 4] Iteration 47: Hit counter: 47/50 | Loss: 0.3123 | Time: 2.95s
[09-21 19:02:45|INFO|cosmos_framework/callbacks/iter_speed.py:45:on_training_step_end] [RANK 7] Iteration 47: Hit counter: 47/50 | Loss: 0.6572 | Time: 2.95s
[09-21 19:02:45|INFO|cosmos_framework/callbacks/iter_speed.py:45:on_training_step_end] [RANK 2] Iteration 47: Hit counter: 47/50 | Loss: 0.4544 | Time: 2.94s
[09-21 19:02:45|INFO|cosmos_framework/callbacks/iter_speed.py:45:on_training_step_end] [RANK 5] Iteration 47: Hit counter: 47/50 | Loss: 0.2677 | Time: 2.96s
[09-21 19:02:51|INFO|cosmos_framework/callbacks/iter_speed.py:45:on_training_step_end] [RANK 1] Iteration 48: Hit counter: 48/50 | Loss: 0.6060 | Time: 6.10s
[09-21 19:02:51|INFO|cosmos_framework/callbacks/iter_speed.py:45:on_training_step_end] [RANK 2] Iteration 48: Hit counter: 48/50 | Loss: 0.4165 | Time: 6.10s
[09-21 19:02:51|INFO|cosmos_framework/callbacks/iter_speed.py:45:on_training_step_end] [RANK 7] Iteration 48: Hit counter: 48/50 | Loss: 0.7551 | Time: 6.10s
[09-21 19:02:51|INFO|cosmos_framework/callbacks/iter_speed.py:45:on_training_step_end] [RANK 5] Iteration 48: Hit counter: 48/50 | Loss: 0.2809 | Time: 6.09s
[09-21 19:02:51|INFO|cosmos_framework/callbacks/iter_speed.py:45:on_training_step_end] [RANK 4] Iteration 48: Hit counter: 48/50 | Loss: 0.4139 | Time: 6.10s
[09-21 19:02:51|INFO|cosmos_framework/callbacks/iter_speed.py:45:on_training_step_end] [RANK 3] Iteration 48: Hit counter: 48/50 | Loss: 0.2639 | Time: 6.10s
[09-21 19:02:51|INFO|cosmos_framework/callbacks/iter_speed.py:45:on_training_step_end] [RANK 0] Iteration 48: Hit counter: 48/50 | Loss: 0.8608 | Time: 6.10s
[09-21 19:02:51|INFO|cosmos_framework/callbacks/iter_speed.py:45:on_training_step_end] [RANK 6] Iteration 48: Hit counter: 48/50 | Loss: 0.2626 | Time: 6.10s
[09-21 19:02:58|INFO|cosmos_framework/callbacks/iter_speed.py:45:on_training_step_end] [RANK 3] Iteration 49: Hit counter: 49/50 | Loss: 0.2193 | Time: 6.92s
[09-21 19:02:58|INFO|cosmos_framework/callbacks/iter_speed.py:45:on_training_step_end] [RANK 2] Iteration 49: Hit counter: 49/50 | Loss: 0.2688 | Time: 6.92s
[09-21 19:02:58|INFO|cosmos_framework/callbacks/iter_speed.py:45:on_training_step_end] [RANK 1] Iteration 49: Hit counter: 49/50 | Loss: 0.8830 | Time: 6.92s
[09-21 19:02:58|INFO|cosmos_framework/callbacks/iter_speed.py:45:on_training_step_end] [RANK 4] Iteration 49: Hit counter: 49/50 | Loss: 0.3064 | Time: 6.92s
[09-21 19:02:58|INFO|cosmos_framework/callbacks/iter_speed.py:45:on_training_step_end] [RANK 7] Iteration 49: Hit counter: 49/50 | Loss: 0.4095 | Time: 6.92s
[09-21 19:02:58|INFO|cosmos_framework/callbacks/iter_speed.py:45:on_training_step_end] [RANK 5] Iteration 49: Hit counter: 49/50 | Loss: 0.6933 | Time: 6.92s
[09-21 19:02:58|INFO|cosmos_framework/callbacks/iter_speed.py:45:on_training_step_end] [RANK 6] Iteration 49: Hit counter: 49/50 | Loss: 0.4847 | Time: 6.92s
[09-21 19:02:58|INFO|cosmos_framework/callbacks/iter_speed.py:45:on_training_step_end] [RANK 0] Iteration 49: Hit counter: 49/50 | Loss: 0.2505 | Time: 6.92s
[09-21 19:03:04|INFO|cosmos_framework/callbacks/iter_speed.py:45:on_training_step_end] [RANK 4] Iteration 50: Hit counter: 50/50 | Loss: 0.6925 | Time: 6.45s
[09-21 19:03:04|INFO|cosmos_framework/callbacks/iter_speed.py:45:on_training_step_end] [RANK 5] Iteration 50: Hit counter: 50/50 | Loss: 0.2331 | Time: 6.45s
[09-21 19:03:04|INFO|cosmos_framework/callbacks/iter_speed.py:45:on_training_step_end] [RANK 6] Iteration 50: Hit counter: 50/50 | Loss: 0.3152 | Time: 6.45s
[09-21 19:03:04|INFO|cosmos_framework/callbacks/iter_speed.py:45:on_training_step_end] [RANK 7] Iteration 50: Hit counter: 50/50 | Loss: 0.2445 | Time: 6.45s
[09-21 19:03:04|INFO|cosmos_framework/callbacks/iter_speed.py:45:on_training_step_end] [RANK 3] Iteration 50: Hit counter: 50/50 | Loss: 0.5752 | Time: 6.45s
[09-21 19:03:04|INFO|cosmos_framework/callbacks/iter_speed.py:45:on_training_step_end] [RANK 2] Iteration 50: Hit counter: 50/50 | Loss: 0.2785 | Time: 6.45s
[09-21 19:03:04|INFO|cosmos_framework/callbacks/iter_speed.py:45:on_training_step_end] [RANK 1] Iteration 50: Hit counter: 50/50 | Loss: 0.5540 | Time: 6.45s
[09-21 19:03:04|INFO|cosmos_framework/callbacks/iter_speed.py:45:on_training_step_end] [RANK 0] Iteration 50: Hit counter: 50/50 | Loss: 0.6777 | Time: 6.45s
[09-21 19:03:04|WARNING|cosmos_framework/callbacks/ofu.py:252:every_n_impl] OFUCallback: no nvidia-smi samples collected at iteration 50. Check that the dmon subprocess launched and that the mmaact column is present.
[09-21 19:03:07|INFO|cosmos_framework/callbacks/grad_clip.py:325:on_before_optimizer_step] [RANK 7] clip_grad_norm/video/global: 0.07129 (iteration 50)
[09-21 19:03:07|INFO|cosmos_framework/callbacks/grad_clip.py:325:on_before_optimizer_step] [RANK 4] clip_grad_norm/video/global: 0.07129 (iteration 50)
[09-21 19:03:07|INFO|cosmos_framework/callbacks/grad_clip.py:325:on_before_optimizer_step] [RANK 5] clip_grad_norm/video/global: 0.07129 (iteration 50)
[09-21 19:03:07|INFO|cosmos_framework/callbacks/grad_clip.py:325:on_before_optimizer_step] [RANK 6] clip_grad_norm/video/global: 0.07129 (iteration 50)
[09-21 19:03:07|INFO|cosmos_framework/callbacks/grad_clip.py:325:on_before_optimizer_step] [RANK 3] clip_grad_norm/video/global: 0.07129 (iteration 50)
[09-21 19:03:07|INFO|cosmos_framework/callbacks/grad_clip.py:325:on_before_optimizer_step] [RANK 0] clip_grad_norm/video/global: 0.07129 (iteration 50)
[09-21 19:03:07|INFO|cosmos_framework/callbacks/grad_clip.py:325:on_before_optimizer_step] [RANK 2] clip_grad_norm/video/global: 0.07129 (iteration 50)
[09-21 19:03:07|INFO|cosmos_framework/callbacks/grad_clip.py:325:on_before_optimizer_step] [RANK 1] clip_grad_norm/video/global: 0.07129 (iteration 50)
[09-21 19:03:13|INFO|cosmos_framework/callbacks/iter_speed.py:75:every_n_impl] [RANK 0] 52 : iter_speed 6.14 seconds per iteration | Loss: 0.2805
[09-21 19:03:20|INFO|cosmos_framework/callbacks/iter_speed.py:75:every_n_impl] [RANK 0] 53 : iter_speed 6.64 seconds per iteration | Loss: 0.3243
[09-21 19:03:26|INFO|cosmos_framework/callbacks/iter_speed.py:75:every_n_impl] [RANK 0] 54 : iter_speed 6.42 seconds per iteration | Loss: 0.5420
[09-21 19:03:29|INFO|cosmos_framework/callbacks/iter_speed.py:75:every_n_impl] [RANK 0] 55 : iter_speed 2.98 seconds per iteration | Loss: 0.3975
[09-21 19:03:36|INFO|cosmos_framework/callbacks/iter_speed.py:75:every_n_impl] [RANK 0] 56 : iter_speed 6.35 seconds per iteration | Loss: 0.3268
[09-21 19:03:42|INFO|cosmos_framework/callbacks/iter_speed.py:75:every_n_impl] [RANK 0] 57 : iter_speed 6.56 seconds per iteration | Loss: 0.4319
[09-21 19:03:49|INFO|cosmos_framework/callbacks/iter_speed.py:75:every_n_impl] [RANK 0] 58 : iter_speed 6.28 seconds per iteration | Loss: 0.7065
[09-21 19:03:52|INFO|cosmos_framework/callbacks/iter_speed.py:75:every_n_impl] [RANK 0] 59 : iter_speed 2.98 seconds per iteration | Loss: 0.2726
[09-21 19:03:58|INFO|cosmos_framework/callbacks/iter_speed.py:75:every_n_impl] [RANK 0] 60 : iter_speed 6.75 seconds per iteration | Loss: 0.2626
[09-21 19:03:58|WARNING|cosmos_framework/callbacks/ofu.py:252:every_n_impl] OFUCallback: no nvidia-smi samples collected at iteration 60. Check that the dmon subprocess launched and that the mmaact column is present.
[09-21 19:04:05|INFO|cosmos_framework/callbacks/grad_clip.py:325:on_before_optimizer_step] [RANK 1] clip_grad_norm/video/global: 0.18066 (iteration 60)
[09-21 19:04:05|INFO|cosmos_framework/callbacks/grad_clip.py:325:on_before_optimizer_step] [RANK 0] clip_grad_norm/video/global: 0.18066 (iteration 60)
[09-21 19:04:05|INFO|cosmos_framework/callbacks/grad_clip.py:325:on_before_optimizer_step] [RANK 3] clip_grad_norm/video/global: 0.18066 (iteration 60)
[09-21 19:04:05|INFO|cosmos_framework/callbacks/grad_clip.py:325:on_before_optimizer_step] [RANK 6] clip_grad_norm/video/global: 0.18066 (iteration 60)
[09-21 19:04:05|INFO|cosmos_framework/callbacks/grad_clip.py:325:on_before_optimizer_step] [RANK 5] clip_grad_norm/video/global: 0.18066 (iteration 60)
[09-21 19:04:05|INFO|cosmos_framework/callbacks/grad_clip.py:325:on_before_optimizer_step] [RANK 4] clip_grad_norm/video/global: 0.18066 (iteration 60)
[09-21 19:04:05|INFO|cosmos_framework/callbacks/grad_clip.py:325:on_before_optimizer_step] [RANK 2] clip_grad_norm/video/global: 0.18066 (iteration 60)
[09-21 19:04:05|INFO|cosmos_framework/callbacks/grad_clip.py:325:on_before_optimizer_step] [RANK 7] clip_grad_norm/video/global: 0.18066 (iteration 60)
[09-21 19:04:05|INFO|cosmos_framework/callbacks/iter_speed.py:75:every_n_impl] [RANK 0] 61 : iter_speed 6.34 seconds per iteration | Loss: 0.2890
[09-21 19:04:11|INFO|cosmos_framework/callbacks/iter_speed.py:75:every_n_impl] [RANK 0] 62 : iter_speed 6.11 seconds per iteration | Loss: 1.0263
[09-21 19:04:14|INFO|cosmos_framework/callbacks/iter_speed.py:75:every_n_impl] [RANK 0] 63 : iter_speed 3.05 seconds per iteration | Loss: 0.2755
[09-21 19:04:21|INFO|cosmos_framework/callbacks/iter_speed.py:75:every_n_impl] [RANK 0] 64 : iter_speed 6.84 seconds per iteration | Loss: 0.2160
[09-21 19:04:27|INFO|cosmos_framework/callbacks/iter_speed.py:75:every_n_impl] [RANK 0] 65 : iter_speed 6.28 seconds per iteration | Loss: 0.4245
[09-21 19:04:33|INFO|cosmos_framework/callbacks/iter_speed.py:75:every_n_impl] [RANK 0] 66 : iter_speed 5.98 seconds per iteration | Loss: 0.8786
[09-21 19:04:36|INFO|cosmos_framework/callbacks/iter_speed.py:75:every_n_impl] [RANK 0] 67 : iter_speed 3.00 seconds per iteration | Loss: 0.4563
[09-21 19:04:43|INFO|cosmos_framework/callbacks/iter_speed.py:75:every_n_impl] [RANK 0] 68 : iter_speed 7.09 seconds per iteration | Loss: 0.2655
[09-21 19:04:49|INFO|cosmos_framework/callbacks/iter_speed.py:75:every_n_impl] [RANK 0] 69 : iter_speed 6.38 seconds per iteration | Loss: 0.8649
[09-21 19:04:55|INFO|cosmos_framework/callbacks/iter_speed.py:75:every_n_impl] [RANK 0] 70 : iter_speed 5.70 seconds per iteration | Loss: 0.2929
[09-21 19:04:55|WARNING|cosmos_framework/callbacks/ofu.py:252:every_n_impl] OFUCallback: no nvidia-smi samples collected at iteration 70. Check that the dmon subprocess launched and that the mmaact column is present.
[09-21 19:04:58|INFO|cosmos_framework/callbacks/grad_clip.py:325:on_before_optimizer_step] [RANK 4] clip_grad_norm/video/global: 0.06128 (iteration 70)
[09-21 19:04:58|INFO|cosmos_framework/callbacks/grad_clip.py:325:on_before_optimizer_step] [RANK 5] clip_grad_norm/video/global: 0.06128 (iteration 70)
[09-21 19:04:58|INFO|cosmos_framework/callbacks/grad_clip.py:325:on_before_optimizer_step] [RANK 7] clip_grad_norm/video/global: 0.06128 (iteration 70)
[09-21 19:04:58|INFO|cosmos_framework/callbacks/grad_clip.py:325:on_before_optimizer_step] [RANK 3] clip_grad_norm/video/global: 0.06128 (iteration 70)
[09-21 19:04:58|INFO|cosmos_framework/callbacks/grad_clip.py:325:on_before_optimizer_step] [RANK 0] clip_grad_norm/video/global: 0.06128 (iteration 70)
[09-21 19:04:58|INFO|cosmos_framework/callbacks/grad_clip.py:325:on_before_optimizer_step] [RANK 2] clip_grad_norm/video/global: 0.06128 (iteration 70)
[09-21 19:04:58|INFO|cosmos_framework/callbacks/grad_clip.py:325:on_before_optimizer_step] [RANK 1] clip_grad_norm/video/global: 0.06128 (iteration 70)
[09-21 19:04:58|INFO|cosmos_framework/callbacks/grad_clip.py:325:on_before_optimizer_step] [RANK 6] clip_grad_norm/video/global: 0.06128 (iteration 70)
[09-21 19:04:58|INFO|cosmos_framework/callbacks/iter_speed.py:75:every_n_impl] [RANK 0] 71 : iter_speed 3.07 seconds per iteration | Loss: 1.6053
[09-21 19:05:05|INFO|cosmos_framework/callbacks/iter_speed.py:75:every_n_impl] [RANK 0] 72 : iter_speed 7.27 seconds per iteration | Loss: 0.2449
[09-21 19:05:12|INFO|cosmos_framework/callbacks/iter_speed.py:75:every_n_impl] [RANK 0] 73 : iter_speed 6.35 seconds per iteration | Loss: 0.6016
[09-21 19:05:17|INFO|cosmos_framework/callbacks/iter_speed.py:75:every_n_impl] [RANK 0] 74 : iter_speed 5.54 seconds per iteration | Loss: 0.6630
[09-21 19:05:20|INFO|cosmos_framework/callbacks/iter_speed.py:75:every_n_impl] [RANK 0] 75 : iter_speed 3.07 seconds per iteration | Loss: 0.2694
[09-21 19:05:28|INFO|cosmos_framework/callbacks/iter_speed.py:75:every_n_impl] [RANK 0] 76 : iter_speed 7.22 seconds per iteration | Loss: 0.7191
[09-21 19:05:34|INFO|cosmos_framework/callbacks/iter_speed.py:75:every_n_impl] [RANK 0] 77 : iter_speed 6.59 seconds per iteration | Loss: 0.4686
[09-21 19:05:40|INFO|cosmos_framework/callbacks/iter_speed.py:75:every_n_impl] [RANK 0] 78 : iter_speed 5.30 seconds per iteration | Loss: 0.3521
[09-21 19:05:43|INFO|cosmos_framework/callbacks/iter_speed.py:75:every_n_impl] [RANK 0] 79 : iter_speed 3.00 seconds per iteration | Loss: 0.6556
[09-21 19:05:50|INFO|cosmos_framework/callbacks/iter_speed.py:75:every_n_impl] [RANK 0] 80 : iter_speed 7.38 seconds per iteration | Loss: 0.2733
[09-21 19:05:50|WARNING|cosmos_framework/callbacks/ofu.py:252:every_n_impl] OFUCallback: no nvidia-smi samples collected at iteration 80. Check that the dmon subprocess launched and that the mmaact column is present.
[09-21 19:05:57|INFO|cosmos_framework/callbacks/grad_clip.py:325:on_before_optimizer_step] [RANK 4] clip_grad_norm/video/global: 0.07715 (iteration 80)
[09-21 19:05:57|INFO|cosmos_framework/callbacks/grad_clip.py:325:on_before_optimizer_step] [RANK 5] clip_grad_norm/video/global: 0.07715 (iteration 80)
[09-21 19:05:57|INFO|cosmos_framework/callbacks/grad_clip.py:325:on_before_optimizer_step] [RANK 6] clip_grad_norm/video/global: 0.07715 (iteration 80)
[09-21 19:05:57|INFO|cosmos_framework/callbacks/grad_clip.py:325:on_before_optimizer_step] [RANK 2] clip_grad_norm/video/global: 0.07715 (iteration 80)
[09-21 19:05:57|INFO|cosmos_framework/callbacks/grad_clip.py:325:on_before_optimizer_step] [RANK 1] clip_grad_norm/video/global: 0.07715 (iteration 80)
[09-21 19:05:57|INFO|cosmos_framework/callbacks/grad_clip.py:325:on_before_optimizer_step] [RANK 3] clip_grad_norm/video/global: 0.07715 (iteration 80)
[09-21 19:05:57|INFO|cosmos_framework/callbacks/grad_clip.py:325:on_before_optimizer_step] [RANK 7] clip_grad_norm/video/global: 0.07715 (iteration 80)
[09-21 19:05:57|INFO|cosmos_framework/callbacks/grad_clip.py:325:on_before_optimizer_step] [RANK 0] clip_grad_norm/video/global: 0.07715 (iteration 80)
[09-21 19:05:57|INFO|cosmos_framework/callbacks/iter_speed.py:75:every_n_impl] [RANK 0] 81 : iter_speed 6.68 seconds per iteration | Loss: 0.5386
[09-21 19:06:02|INFO|cosmos_framework/callbacks/iter_speed.py:75:every_n_impl] [RANK 0] 82 : iter_speed 5.13 seconds per iteration | Loss: 0.4344
[09-21 19:06:05|INFO|cosmos_framework/callbacks/iter_speed.py:75:every_n_impl] [RANK 0] 83 : iter_speed 2.98 seconds per iteration | Loss: 0.4192
[09-21 19:06:12|INFO|cosmos_framework/callbacks/iter_speed.py:75:every_n_impl] [RANK 0] 84 : iter_speed 7.49 seconds per iteration | Loss: 0.4740
[09-21 19:06:19|INFO|cosmos_framework/callbacks/iter_speed.py:75:every_n_impl] [RANK 0] 85 : iter_speed 6.75 seconds per iteration | Loss: 0.2980
[09-21 19:06:24|INFO|cosmos_framework/callbacks/iter_speed.py:75:every_n_impl] [RANK 0] 86 : iter_speed 4.82 seconds per iteration | Loss: 0.8754
[09-21 19:06:27|INFO|cosmos_framework/callbacks/iter_speed.py:75:every_n_impl] [RANK 0] 87 : iter_speed 3.05 seconds per iteration | Loss: 0.6365
[09-21 19:06:35|INFO|cosmos_framework/callbacks/iter_speed.py:75:every_n_impl] [RANK 0] 88 : iter_speed 7.75 seconds per iteration | Loss: 0.2094
[09-21 19:06:41|INFO|cosmos_framework/callbacks/iter_speed.py:75:every_n_impl] [RANK 0] 89 : iter_speed 6.76 seconds per iteration | Loss: 0.3340
[09-21 19:06:46|INFO|cosmos_framework/callbacks/iter_speed.py:75:every_n_impl] [RANK 0] 90 : iter_speed 4.97 seconds per iteration | Loss: 0.5133
[09-21 19:06:46|WARNING|cosmos_framework/callbacks/ofu.py:252:every_n_impl] OFUCallback: no nvidia-smi samples collected at iteration 90. Check that the dmon subprocess launched and that the mmaact column is present.
[09-21 19:06:49|INFO|cosmos_framework/callbacks/grad_clip.py:325:on_before_optimizer_step] [RANK 5] clip_grad_norm/video/global: 0.05713 (iteration 90)
[09-21 19:06:49|INFO|cosmos_framework/callbacks/grad_clip.py:325:on_before_optimizer_step] [RANK 6] clip_grad_norm/video/global: 0.05713 (iteration 90)
[09-21 19:06:49|INFO|cosmos_framework/callbacks/grad_clip.py:325:on_before_optimizer_step] [RANK 7] clip_grad_norm/video/global: 0.05713 (iteration 90)
[09-21 19:06:49|INFO|cosmos_framework/callbacks/grad_clip.py:325:on_before_optimizer_step] [RANK 0] clip_grad_norm/video/global: 0.05713 (iteration 90)
[09-21 19:06:49|INFO|cosmos_framework/callbacks/grad_clip.py:325:on_before_optimizer_step] [RANK 4] clip_grad_norm/video/global: 0.05713 (iteration 90)
[09-21 19:06:49|INFO|cosmos_framework/callbacks/grad_clip.py:325:on_before_optimizer_step] [RANK 3] clip_grad_norm/video/global: 0.05713 (iteration 90)
[09-21 19:06:49|INFO|cosmos_framework/callbacks/grad_clip.py:325:on_before_optimizer_step] [RANK 2] clip_grad_norm/video/global: 0.05713 (iteration 90)
[09-21 19:06:49|INFO|cosmos_framework/callbacks/grad_clip.py:325:on_before_optimizer_step] [RANK 1] clip_grad_norm/video/global: 0.05713 (iteration 90)
[09-21 19:06:49|INFO|cosmos_framework/callbacks/iter_speed.py:75:every_n_impl] [RANK 0] 91 : iter_speed 3.01 seconds per iteration | Loss: 0.2902
[09-21 19:06:57|INFO|cosmos_framework/callbacks/iter_speed.py:75:every_n_impl] [RANK 0] 92 : iter_speed 7.45 seconds per iteration | Loss: 0.3375
[09-21 19:07:04|INFO|cosmos_framework/callbacks/iter_speed.py:75:every_n_impl] [RANK 0] 93 : iter_speed 6.76 seconds per iteration | Loss: 0.4096
[09-21 19:07:08|INFO|cosmos_framework/callbacks/iter_speed.py:75:every_n_impl] [RANK 0] 94 : iter_speed 4.78 seconds per iteration | Loss: 0.4589
[09-21 19:07:11|INFO|cosmos_framework/callbacks/iter_speed.py:75:every_n_impl] [RANK 0] 95 : iter_speed 3.14 seconds per iteration | Loss: 0.3234
[09-21 19:07:19|INFO|cosmos_framework/callbacks/iter_speed.py:75:every_n_impl] [RANK 0] 96 : iter_speed 7.62 seconds per iteration | Loss: 0.4619
[09-21 19:07:26|INFO|cosmos_framework/callbacks/iter_speed.py:75:every_n_impl] [RANK 0] 97 : iter_speed 7.13 seconds per iteration | Loss: 0.8104
[09-21 19:07:31|INFO|cosmos_framework/callbacks/iter_speed.py:75:every_n_impl] [RANK 0] 98 : iter_speed 4.42 seconds per iteration | Loss: 0.3630
[09-21 19:07:34|INFO|cosmos_framework/callbacks/iter_speed.py:75:every_n_impl] [RANK 0] 99 : iter_speed 2.95 seconds per iteration | Loss: 0.2617
[09-21 19:07:41|INFO|cosmos_framework/callbacks/iter_speed.py:75:every_n_impl] [RANK 0] 100 : iter_speed 7.66 seconds per iteration | Loss: 0.2375
[09-21 19:07:41|WARNING|cosmos_framework/callbacks/ofu.py:252:every_n_impl] OFUCallback: no nvidia-smi samples collected at iteration 100. Check that the dmon subprocess launched and that the mmaact column is present.
[09-21 19:07:49|INFO|cosmos_framework/callbacks/grad_clip.py:325:on_before_optimizer_step] [RANK 0] clip_grad_norm/video/global: 0.07959 (iteration 100)
[09-21 19:07:49|INFO|cosmos_framework/callbacks/grad_clip.py:325:on_before_optimizer_step] [RANK 6] clip_grad_norm/video/global: 0.07959 (iteration 100)
[09-21 19:07:49|INFO|cosmos_framework/callbacks/grad_clip.py:325:on_before_optimizer_step] [RANK 4] clip_grad_norm/video/global: 0.07959 (iteration 100)
[09-21 19:07:49|INFO|cosmos_framework/callbacks/grad_clip.py:325:on_before_optimizer_step] [RANK 7] clip_grad_norm/video/global: 0.07959 (iteration 100)
[09-21 19:07:49|INFO|cosmos_framework/callbacks/grad_clip.py:325:on_before_optimizer_step] [RANK 5] clip_grad_norm/video/global: 0.07959 (iteration 100)
[09-21 19:07:49|INFO|cosmos_framework/callbacks/grad_clip.py:325:on_before_optimizer_step] [RANK 1] clip_grad_norm/video/global: 0.07959 (iteration 100)
[09-21 19:07:49|INFO|cosmos_framework/callbacks/grad_clip.py:325:on_before_optimizer_step] [RANK 3] clip_grad_norm/video/global: 0.07959 (iteration 100)
[09-21 19:07:49|INFO|cosmos_framework/callbacks/grad_clip.py:325:on_before_optimizer_step] [RANK 2] clip_grad_norm/video/global: 0.07959 (iteration 100)
[09-21 19:07:49|INFO|cosmos_framework/callbacks/iter_speed.py:75:every_n_impl] [RANK 0] 101 : iter_speed 7.42 seconds per iteration | Loss: 0.3256
[09-21 19:07:53|INFO|cosmos_framework/callbacks/iter_speed.py:75:every_n_impl] [RANK 0] 102 : iter_speed 4.33 seconds per iteration | Loss: 0.8202
[09-21 19:07:56|INFO|cosmos_framework/callbacks/iter_speed.py:75:every_n_impl] [RANK 0] 103 : iter_speed 2.99 seconds per iteration | Loss: 0.3362
[09-21 19:08:04|INFO|cosmos_framework/callbacks/iter_speed.py:75:every_n_impl] [RANK 0] 104 : iter_speed 7.75 seconds per iteration | Loss: 0.2775
[09-21 19:08:11|INFO|cosmos_framework/callbacks/iter_speed.py:75:every_n_impl] [RANK 0] 105 : iter_speed 7.18 seconds per iteration | Loss: 0.2472
[09-21 19:08:15|INFO|cosmos_framework/callbacks/iter_speed.py:75:every_n_impl] [RANK 0] 106 : iter_speed 4.46 seconds per iteration | Loss: 0.5749
[09-21 19:08:18|INFO|cosmos_framework/callbacks/iter_speed.py:75:every_n_impl] [RANK 0] 107 : iter_speed 2.99 seconds per iteration | Loss: 1.1524
[09-21 19:08:27|INFO|cosmos_framework/callbacks/iter_speed.py:75:every_n_impl] [RANK 0] 108 : iter_speed 8.39 seconds per iteration | Loss: 0.3237
[09-21 19:08:33|INFO|cosmos_framework/callbacks/iter_speed.py:75:every_n_impl] [RANK 0] 109 : iter_speed 6.44 seconds per iteration | Loss: 0.2646
[09-21 19:08:38|INFO|cosmos_framework/callbacks/iter_speed.py:75:every_n_impl] [RANK 0] 110 : iter_speed 4.62 seconds per iteration | Loss: 1.7305
[09-21 19:08:38|WARNING|cosmos_framework/callbacks/ofu.py:252:every_n_impl] OFUCallback: no nvidia-smi samples collected at iteration 110. Check that the dmon subprocess launched and that the mmaact column is present.
[09-21 19:08:41|INFO|cosmos_framework/callbacks/grad_clip.py:325:on_before_optimizer_step] [RANK 4] clip_grad_norm/video/global: 0.06689 (iteration 110)
[09-21 19:08:41|INFO|cosmos_framework/callbacks/grad_clip.py:325:on_before_optimizer_step] [RANK 7] clip_grad_norm/video/global: 0.06689 (iteration 110)
[09-21 19:08:41|INFO|cosmos_framework/callbacks/grad_clip.py:325:on_before_optimizer_step] [RANK 6] clip_grad_norm/video/global: 0.06689 (iteration 110)
[09-21 19:08:41|INFO|cosmos_framework/callbacks/grad_clip.py:325:on_before_optimizer_step] [RANK 5] clip_grad_norm/video/global: 0.06689 (iteration 110)
[09-21 19:08:41|INFO|cosmos_framework/callbacks/grad_clip.py:325:on_before_optimizer_step] [RANK 0] clip_grad_norm/video/global: 0.06689 (iteration 110)
[09-21 19:08:41|INFO|cosmos_framework/callbacks/grad_clip.py:325:on_before_optimizer_step] [RANK 1] clip_grad_norm/video/global: 0.06689 (iteration 110)
[09-21 19:08:41|INFO|cosmos_framework/callbacks/grad_clip.py:325:on_before_optimizer_step] [RANK 3] clip_grad_norm/video/global: 0.06689 (iteration 110)
[09-21 19:08:41|INFO|cosmos_framework/callbacks/grad_clip.py:325:on_before_optimizer_step] [RANK 2] clip_grad_norm/video/global: 0.06689 (iteration 110)
[09-21 19:08:41|INFO|cosmos_framework/callbacks/iter_speed.py:75:every_n_impl] [RANK 0] 111 : iter_speed 2.97 seconds per iteration | Loss: 0.4387
[09-21 19:08:49|INFO|cosmos_framework/callbacks/iter_speed.py:75:every_n_impl] [RANK 0] 112 : iter_speed 8.13 seconds per iteration | Loss: 0.4034
[09-21 19:08:55|INFO|cosmos_framework/callbacks/iter_speed.py:75:every_n_impl] [RANK 0] 113 : iter_speed 6.48 seconds per iteration | Loss: 0.1984
[09-21 19:09:00|INFO|cosmos_framework/callbacks/iter_speed.py:75:every_n_impl] [RANK 0] 114 : iter_speed 4.87 seconds per iteration | Loss: 0.5968
[09-21 19:09:03|INFO|cosmos_framework/callbacks/iter_speed.py:75:every_n_impl] [RANK 0] 115 : iter_speed 2.96 seconds per iteration | Loss: 0.2625
[09-21 19:09:11|INFO|cosmos_framework/callbacks/iter_speed.py:75:every_n_impl] [RANK 0] 116 : iter_speed 7.86 seconds per iteration | Loss: 0.3425
[09-21 19:09:18|INFO|cosmos_framework/callbacks/iter_speed.py:75:every_n_impl] [RANK 0] 117 : iter_speed 6.46 seconds per iteration | Loss: 0.4222
[09-21 19:09:23|INFO|cosmos_framework/callbacks/iter_speed.py:75:every_n_impl] [RANK 0] 118 : iter_speed 5.11 seconds per iteration | Loss: 0.2768
[09-21 19:09:26|INFO|cosmos_framework/callbacks/iter_speed.py:75:every_n_impl] [RANK 0] 119 : iter_speed 2.94 seconds per iteration | Loss: 0.3049
[09-21 19:09:33|INFO|cosmos_framework/callbacks/iter_speed.py:75:every_n_impl] [RANK 0] 120 : iter_speed 7.54 seconds per iteration | Loss: 0.3066
[09-21 19:09:33|WARNING|cosmos_framework/callbacks/ofu.py:252:every_n_impl] OFUCallback: no nvidia-smi samples collected at iteration 120. Check that the dmon subprocess launched and that the mmaact column is present.
[09-21 19:09:40|INFO|cosmos_framework/callbacks/grad_clip.py:325:on_before_optimizer_step] [RANK 0] clip_grad_norm/video/global: 0.07227 (iteration 120)
[09-21 19:09:40|INFO|cosmos_framework/callbacks/grad_clip.py:325:on_before_optimizer_step] [RANK 3] clip_grad_norm/video/global: 0.07227 (iteration 120)
[09-21 19:09:40|INFO|cosmos_framework/callbacks/grad_clip.py:325:on_before_optimizer_step] [RANK 5] clip_grad_norm/video/global: 0.07227 (iteration 120)
[09-21 19:09:40|INFO|cosmos_framework/callbacks/grad_clip.py:325:on_before_optimizer_step] [RANK 4] clip_grad_norm/video/global: 0.07227 (iteration 120)
[09-21 19:09:40|INFO|cosmos_framework/callbacks/grad_clip.py:325:on_before_optimizer_step] [RANK 6] clip_grad_norm/video/global: 0.07227 (iteration 120)
[09-21 19:09:40|INFO|cosmos_framework/callbacks/grad_clip.py:325:on_before_optimizer_step] [RANK 2] clip_grad_norm/video/global: 0.07227 (iteration 120)
[09-21 19:09:40|INFO|cosmos_framework/callbacks/grad_clip.py:325:on_before_optimizer_step] [RANK 7] clip_grad_norm/video/global: 0.07227 (iteration 120)
[09-21 19:09:40|INFO|cosmos_framework/callbacks/grad_clip.py:325:on_before_optimizer_step] [RANK 1] clip_grad_norm/video/global: 0.07227 (iteration 120)
[09-21 19:09:40|INFO|cosmos_framework/callbacks/iter_speed.py:75:every_n_impl] [RANK 0] 121 : iter_speed 6.60 seconds per iteration | Loss: 1.0829
[09-21 19:09:45|INFO|cosmos_framework/callbacks/iter_speed.py:75:every_n_impl] [RANK 0] 122 : iter_speed 5.34 seconds per iteration | Loss: 0.5004
[09-21 19:09:48|INFO|cosmos_framework/callbacks/iter_speed.py:75:every_n_impl] [RANK 0] 123 : iter_speed 3.03 seconds per iteration | Loss: 0.5474
[09-21 19:09:55|INFO|cosmos_framework/callbacks/iter_speed.py:75:every_n_impl] [RANK 0] 124 : iter_speed 7.21 seconds per iteration | Loss: 0.2783
[09-21 19:10:02|INFO|cosmos_framework/callbacks/iter_speed.py:75:every_n_impl] [RANK 0] 125 : iter_speed 6.64 seconds per iteration | Loss: 0.2156
[09-21 19:10:07|INFO|cosmos_framework/callbacks/iter_speed.py:75:every_n_impl] [RANK 0] 126 : iter_speed 5.52 seconds per iteration | Loss: 0.2993
[09-21 19:10:10|INFO|cosmos_framework/callbacks/iter_speed.py:75:every_n_impl] [RANK 0] 127 : iter_speed 2.94 seconds per iteration | Loss: 0.2180
[09-21 19:10:17|INFO|cosmos_framework/callbacks/iter_speed.py:75:every_n_impl] [RANK 0] 128 : iter_speed 7.10 seconds per iteration | Loss: 0.3636
[09-21 19:10:24|INFO|cosmos_framework/callbacks/iter_speed.py:75:every_n_impl] [RANK 0] 129 : iter_speed 6.61 seconds per iteration | Loss: 0.3003
[09-21 19:10:30|INFO|cosmos_framework/callbacks/iter_speed.py:75:every_n_impl] [RANK 0] 130 : iter_speed 5.67 seconds per iteration | Loss: 0.3239
[09-21 19:10:30|WARNING|cosmos_framework/callbacks/ofu.py:252:every_n_impl] OFUCallback: no nvidia-smi samples collected at iteration 130. Check that the dmon subprocess launched and that the mmaact column is present.
[09-21 19:10:33|INFO|cosmos_framework/callbacks/grad_clip.py:325:on_before_optimizer_step] [RANK 0] clip_grad_norm/video/global: 0.09717 (iteration 130)
[09-21 19:10:33|INFO|cosmos_framework/callbacks/grad_clip.py:325:on_before_optimizer_step] [RANK 6] clip_grad_norm/video/global: 0.09717 (iteration 130)
[09-21 19:10:33|INFO|cosmos_framework/callbacks/grad_clip.py:325:on_before_optimizer_step] [RANK 5] clip_grad_norm/video/global: 0.09717 (iteration 130)
[09-21 19:10:33|INFO|cosmos_framework/callbacks/grad_clip.py:325:on_before_optimizer_step] [RANK 4] clip_grad_norm/video/global: 0.09717 (iteration 130)
[09-21 19:10:33|INFO|cosmos_framework/callbacks/grad_clip.py:325:on_before_optimizer_step] [RANK 7] clip_grad_norm/video/global: 0.09717 (iteration 130)
[09-21 19:10:33|INFO|cosmos_framework/callbacks/grad_clip.py:325:on_before_optimizer_step] [RANK 2] clip_grad_norm/video/global: 0.09717 (iteration 130)
[09-21 19:10:33|INFO|cosmos_framework/callbacks/grad_clip.py:325:on_before_optimizer_step] [RANK 3] clip_grad_norm/video/global: 0.09717 (iteration 130)
[09-21 19:10:33|INFO|cosmos_framework/callbacks/grad_clip.py:325:on_before_optimizer_step] [RANK 1] clip_grad_norm/video/global: 0.09717 (iteration 130)
[09-21 19:10:33|INFO|cosmos_framework/callbacks/iter_speed.py:75:every_n_impl] [RANK 0] 131 : iter_speed 2.96 seconds per iteration | Loss: 0.2051
[09-21 19:10:40|INFO|cosmos_framework/callbacks/iter_speed.py:75:every_n_impl] [RANK 0] 132 : iter_speed 6.87 seconds per iteration | Loss: 0.3493
[09-21 19:10:46|INFO|cosmos_framework/callbacks/iter_speed.py:75:every_n_impl] [RANK 0] 133 : iter_speed 6.74 seconds per iteration | Loss: 0.3700
[09-21 19:10:52|INFO|cosmos_framework/callbacks/iter_speed.py:75:every_n_impl] [RANK 0] 134 : iter_speed 5.81 seconds per iteration | Loss: 0.4556
[09-21 19:10:55|INFO|cosmos_framework/callbacks/iter_speed.py:75:every_n_impl] [RANK 0] 135 : iter_speed 2.96 seconds per iteration | Loss: 0.4904
[09-21 19:11:02|INFO|cosmos_framework/callbacks/iter_speed.py:75:every_n_impl] [RANK 0] 136 : iter_speed 6.63 seconds per iteration | Loss: 0.3794
[09-21 19:11:08|INFO|cosmos_framework/callbacks/iter_speed.py:75:every_n_impl] [RANK 0] 137 : iter_speed 6.69 seconds per iteration | Loss: 0.2513
[09-21 19:11:14|INFO|cosmos_framework/callbacks/iter_speed.py:75:every_n_impl] [RANK 0] 138 : iter_speed 5.48 seconds per iteration | Loss: 0.7774
[09-21 19:11:17|INFO|cosmos_framework/callbacks/iter_speed.py:75:every_n_impl] [RANK 0] 139 : iter_speed 3.00 seconds per iteration | Loss: 0.2232
[09-21 19:11:24|INFO|cosmos_framework/callbacks/iter_speed.py:75:every_n_impl] [RANK 0] 140 : iter_speed 7.04 seconds per iteration | Loss: 0.8990
[09-21 19:11:24|WARNING|cosmos_framework/callbacks/ofu.py:252:every_n_impl] OFUCallback: no nvidia-smi samples collected at iteration 140. Check that the dmon subprocess launched and that the mmaact column is present.
[09-21 19:11:31|INFO|cosmos_framework/callbacks/grad_clip.py:325:on_before_optimizer_step] [RANK 0] clip_grad_norm/video/global: 0.13770 (iteration 140)
[09-21 19:11:31|INFO|cosmos_framework/callbacks/grad_clip.py:325:on_before_optimizer_step] [RANK 6] clip_grad_norm/video/global: 0.13770 (iteration 140)
[09-21 19:11:31|INFO|cosmos_framework/callbacks/grad_clip.py:325:on_before_optimizer_step] [RANK 3] clip_grad_norm/video/global: 0.13770 (iteration 140)
[09-21 19:11:31|INFO|cosmos_framework/callbacks/grad_clip.py:325:on_before_optimizer_step] [RANK 2] clip_grad_norm/video/global: 0.13770 (iteration 140)
[09-21 19:11:31|INFO|cosmos_framework/callbacks/grad_clip.py:325:on_before_optimizer_step] [RANK 5] clip_grad_norm/video/global: 0.13770 (iteration 140)
[09-21 19:11:31|INFO|cosmos_framework/callbacks/grad_clip.py:325:on_before_optimizer_step] [RANK 7] clip_grad_norm/video/global: 0.13770 (iteration 140)
[09-21 19:11:31|INFO|cosmos_framework/callbacks/grad_clip.py:325:on_before_optimizer_step] [RANK 4] clip_grad_norm/video/global: 0.13770 (iteration 140)
[09-21 19:11:31|INFO|cosmos_framework/callbacks/grad_clip.py:325:on_before_optimizer_step] [RANK 1] clip_grad_norm/video/global: 0.13770 (iteration 140)
[09-21 19:11:31|INFO|cosmos_framework/callbacks/iter_speed.py:75:every_n_impl] [RANK 0] 141 : iter_speed 6.71 seconds per iteration | Loss: 0.2707
[09-21 19:11:36|INFO|cosmos_framework/callbacks/iter_speed.py:75:every_n_impl] [RANK 0] 142 : iter_speed 5.16 seconds per iteration | Loss: 0.6317
[09-21 19:11:39|INFO|cosmos_framework/callbacks/iter_speed.py:75:every_n_impl] [RANK 0] 143 : iter_speed 3.01 seconds per iteration | Loss: 0.3185
[09-21 19:11:46|INFO|cosmos_framework/callbacks/iter_speed.py:75:every_n_impl] [RANK 0] 144 : iter_speed 7.32 seconds per iteration | Loss: 0.4461
[09-21 19:11:53|INFO|cosmos_framework/callbacks/iter_speed.py:75:every_n_impl] [RANK 0] 145 : iter_speed 6.64 seconds per iteration | Loss: 0.2860
[09-21 19:11:58|INFO|cosmos_framework/callbacks/iter_speed.py:75:every_n_impl] [RANK 0] 146 : iter_speed 4.96 seconds per iteration | Loss: 0.6509
[09-21 19:12:01|INFO|cosmos_framework/callbacks/iter_speed.py:75:every_n_impl] [RANK 0] 147 : iter_speed 2.98 seconds per iteration | Loss: 0.2323
[09-21 19:12:08|INFO|cosmos_framework/callbacks/iter_speed.py:75:every_n_impl] [RANK 0] 148 : iter_speed 7.50 seconds per iteration | Loss: 0.5503
[09-21 19:12:15|INFO|cosmos_framework/callbacks/iter_speed.py:75:every_n_impl] [RANK 0] 149 : iter_speed 6.76 seconds per iteration | Loss: 0.2706
[09-21 19:12:19|INFO|cosmos_framework/callbacks/iter_speed.py:75:every_n_impl] [RANK 0] 150 : iter_speed 4.47 seconds per iteration | Loss: 0.4017
[09-21 19:12:19|WARNING|cosmos_framework/callbacks/ofu.py:252:every_n_impl] OFUCallback: no nvidia-smi samples collected at iteration 150. Check that the dmon subprocess launched and that the mmaact column is present.
[09-21 19:12:22|INFO|cosmos_framework/callbacks/grad_clip.py:325:on_before_optimizer_step] [RANK 4] clip_grad_norm/video/global: 0.09473 (iteration 150)
[09-21 19:12:22|INFO|cosmos_framework/callbacks/grad_clip.py:325:on_before_optimizer_step] [RANK 5] clip_grad_norm/video/global: 0.09473 (iteration 150)
[09-21 19:12:22|INFO|cosmos_framework/callbacks/grad_clip.py:325:on_before_optimizer_step] [RANK 6] clip_grad_norm/video/global: 0.09473 (iteration 150)
[09-21 19:12:22|INFO|cosmos_framework/callbacks/grad_clip.py:325:on_before_optimizer_step] [RANK 0] clip_grad_norm/video/global: 0.09473 (iteration 150)
[09-21 19:12:22|INFO|cosmos_framework/callbacks/grad_clip.py:325:on_before_optimizer_step] [RANK 3] clip_grad_norm/video/global: 0.09473 (iteration 150)
[09-21 19:12:22|INFO|cosmos_framework/callbacks/grad_clip.py:325:on_before_optimizer_step] [RANK 7] clip_grad_norm/video/global: 0.09473 (iteration 150)
[09-21 19:12:22|INFO|cosmos_framework/callbacks/grad_clip.py:325:on_before_optimizer_step] [RANK 1] clip_grad_norm/video/global: 0.09473 (iteration 150)
[09-21 19:12:22|INFO|cosmos_framework/callbacks/grad_clip.py:325:on_before_optimizer_step] [RANK 2] clip_grad_norm/video/global: 0.09473 (iteration 150)
[09-21 19:12:22|INFO|cosmos_framework/callbacks/iter_speed.py:75:every_n_impl] [RANK 0] 151 : iter_speed 2.97 seconds per iteration | Loss: 0.2789
[09-21 19:12:30|INFO|cosmos_framework/callbacks/iter_speed.py:75:every_n_impl] [RANK 0] 152 : iter_speed 7.99 seconds per iteration | Loss: 0.3569
[09-21 19:12:37|INFO|cosmos_framework/callbacks/iter_speed.py:75:every_n_impl] [RANK 0] 153 : iter_speed 6.80 seconds per iteration | Loss: 0.3058
[09-21 19:12:41|INFO|cosmos_framework/callbacks/iter_speed.py:75:every_n_impl] [RANK 0] 154 : iter_speed 4.25 seconds per iteration | Loss: 0.3514
[09-21 19:12:44|INFO|cosmos_framework/callbacks/iter_speed.py:75:every_n_impl] [RANK 0] 155 : iter_speed 3.03 seconds per iteration | Loss: 0.3867
[09-21 19:12:52|INFO|cosmos_framework/callbacks/iter_speed.py:75:every_n_impl] [RANK 0] 156 : iter_speed 7.90 seconds per iteration | Loss: 0.4094
[09-21 19:12:59|INFO|cosmos_framework/callbacks/iter_speed.py:75:every_n_impl] [RANK 0] 157 : iter_speed 7.03 seconds per iteration | Loss: 0.3932
[09-21 19:13:03|INFO|cosmos_framework/callbacks/iter_speed.py:75:every_n_impl] [RANK 0] 158 : iter_speed 4.00 seconds per iteration | Loss: 1.0331
[09-21 19:13:06|INFO|cosmos_framework/callbacks/iter_speed.py:75:every_n_impl] [RANK 0] 159 : iter_speed 3.01 seconds per iteration | Loss: 0.2349
[09-21 19:13:14|INFO|cosmos_framework/callbacks/iter_speed.py:75:every_n_impl] [RANK 0] 160 : iter_speed 8.06 seconds per iteration | Loss: 0.3144
[09-21 19:13:14|WARNING|cosmos_framework/callbacks/ofu.py:252:every_n_impl] OFUCallback: no nvidia-smi samples collected at iteration 160. Check that the dmon subprocess launched and that the mmaact column is present.
[09-21 19:13:22|INFO|cosmos_framework/callbacks/grad_clip.py:325:on_before_optimizer_step] [RANK 0] clip_grad_norm/video/global: 0.16309 (iteration 160)
[09-21 19:13:22|INFO|cosmos_framework/callbacks/grad_clip.py:325:on_before_optimizer_step] [RANK 3] clip_grad_norm/video/global: 0.16309 (iteration 160)
[09-21 19:13:22|INFO|cosmos_framework/callbacks/grad_clip.py:325:on_before_optimizer_step] [RANK 2] clip_grad_norm/video/global: 0.16309 (iteration 160)
[09-21 19:13:22|INFO|cosmos_framework/callbacks/grad_clip.py:325:on_before_optimizer_step] [RANK 7] clip_grad_norm/video/global: 0.16309 (iteration 160)
[09-21 19:13:22|INFO|cosmos_framework/callbacks/grad_clip.py:325:on_before_optimizer_step] [RANK 6] clip_grad_norm/video/global: 0.16309 (iteration 160)
[09-21 19:13:22|INFO|cosmos_framework/callbacks/grad_clip.py:325:on_before_optimizer_step] [RANK 5] clip_grad_norm/video/global: 0.16309 (iteration 160)
[09-21 19:13:22|INFO|cosmos_framework/callbacks/grad_clip.py:325:on_before_optimizer_step] [RANK 4] clip_grad_norm/video/global: 0.16309 (iteration 160)
[09-21 19:13:22|INFO|cosmos_framework/callbacks/grad_clip.py:325:on_before_optimizer_step] [RANK 1] clip_grad_norm/video/global: 0.16309 (iteration 160)
[09-21 19:13:22|INFO|cosmos_framework/callbacks/iter_speed.py:75:every_n_impl] [RANK 0] 161 : iter_speed 7.07 seconds per iteration | Loss: 0.3051
[09-21 19:13:25|INFO|cosmos_framework/callbacks/iter_speed.py:75:every_n_impl] [RANK 0] 162 : iter_speed 3.75 seconds per iteration | Loss: 0.4420
[09-21 19:13:28|INFO|cosmos_framework/callbacks/iter_speed.py:75:every_n_impl] [RANK 0] 163 : iter_speed 3.03 seconds per iteration | Loss: 0.3165
[09-21 19:13:36|INFO|cosmos_framework/callbacks/iter_speed.py:75:every_n_impl] [RANK 0] 164 : iter_speed 8.13 seconds per iteration | Loss: 0.3855
[09-21 19:13:44|INFO|cosmos_framework/callbacks/iter_speed.py:75:every_n_impl] [RANK 0] 165 : iter_speed 7.15 seconds per iteration | Loss: 0.4118
[09-21 19:13:47|INFO|cosmos_framework/callbacks/iter_speed.py:75:every_n_impl] [RANK 0] 166 : iter_speed 3.56 seconds per iteration | Loss: 0.3179
[09-21 19:13:50|INFO|cosmos_framework/callbacks/iter_speed.py:75:every_n_impl] [RANK 0] 167 : iter_speed 2.99 seconds per iteration | Loss: 0.3331
[09-21 19:13:58|INFO|cosmos_framework/callbacks/iter_speed.py:75:every_n_impl] [RANK 0] 168 : iter_speed 8.31 seconds per iteration | Loss: 0.3505
[09-21 19:14:06|INFO|cosmos_framework/callbacks/iter_speed.py:75:every_n_impl] [RANK 0] 169 : iter_speed 7.30 seconds per iteration | Loss: 0.5522
[09-21 19:14:09|INFO|cosmos_framework/callbacks/iter_speed.py:75:every_n_impl] [RANK 0] 170 : iter_speed 3.25 seconds per iteration | Loss: 1.1957
[09-21 19:14:09|WARNING|cosmos_framework/callbacks/ofu.py:252:every_n_impl] OFUCallback: no nvidia-smi samples collected at iteration 170. Check that the dmon subprocess launched and that the mmaact column is present.
[09-21 19:14:12|INFO|cosmos_framework/callbacks/grad_clip.py:325:on_before_optimizer_step] [RANK 6] clip_grad_norm/video/global: 0.13672 (iteration 170)
[09-21 19:14:12|INFO|cosmos_framework/callbacks/grad_clip.py:325:on_before_optimizer_step] [RANK 1] clip_grad_norm/video/global: 0.13672 (iteration 170)
[09-21 19:14:12|INFO|cosmos_framework/callbacks/grad_clip.py:325:on_before_optimizer_step] [RANK 4] clip_grad_norm/video/global: 0.13672 (iteration 170)
[09-21 19:14:12|INFO|cosmos_framework/callbacks/grad_clip.py:325:on_before_optimizer_step] [RANK 7] clip_grad_norm/video/global: 0.13672 (iteration 170)
[09-21 19:14:12|INFO|cosmos_framework/callbacks/grad_clip.py:325:on_before_optimizer_step] [RANK 5] clip_grad_norm/video/global: 0.13672 (iteration 170)
[09-21 19:14:12|INFO|cosmos_framework/callbacks/grad_clip.py:325:on_before_optimizer_step] [RANK 2] clip_grad_norm/video/global: 0.13672 (iteration 170)
[09-21 19:14:12|INFO|cosmos_framework/callbacks/grad_clip.py:325:on_before_optimizer_step] [RANK 0] clip_grad_norm/video/global: 0.13672 (iteration 170)
[09-21 19:14:12|INFO|cosmos_framework/callbacks/grad_clip.py:325:on_before_optimizer_step] [RANK 3] clip_grad_norm/video/global: 0.13672 (iteration 170)
[09-21 19:14:12|INFO|cosmos_framework/callbacks/iter_speed.py:75:every_n_impl] [RANK 0] 171 : iter_speed 3.03 seconds per iteration | Loss: 1.0336
[09-21 19:14:20|INFO|cosmos_framework/callbacks/iter_speed.py:75:every_n_impl] [RANK 0] 172 : iter_speed 8.38 seconds per iteration | Loss: 0.8664
[09-21 19:14:28|INFO|cosmos_framework/callbacks/iter_speed.py:75:every_n_impl] [RANK 0] 173 : iter_speed 7.51 seconds per iteration | Loss: 0.4777
[09-21 19:14:31|INFO|cosmos_framework/callbacks/iter_speed.py:75:every_n_impl] [RANK 0] 174 : iter_speed 3.01 seconds per iteration | Loss: 0.2456
[09-21 19:14:34|INFO|cosmos_framework/callbacks/iter_speed.py:75:every_n_impl] [RANK 0] 175 : iter_speed 3.03 seconds per iteration | Loss: 0.6209
[09-21 19:14:42|INFO|cosmos_framework/callbacks/iter_speed.py:75:every_n_impl] [RANK 0] 176 : iter_speed 8.50 seconds per iteration | Loss: 0.2515
[09-21 19:14:50|INFO|cosmos_framework/callbacks/iter_speed.py:75:every_n_impl] [RANK 0] 177 : iter_speed 7.52 seconds per iteration | Loss: 0.5790
[09-21 19:14:53|INFO|cosmos_framework/callbacks/iter_speed.py:75:every_n_impl] [RANK 0] 178 : iter_speed 2.97 seconds per iteration | Loss: 0.3806
[09-21 19:14:56|INFO|cosmos_framework/callbacks/iter_speed.py:75:every_n_impl] [RANK 0] 179 : iter_speed 3.05 seconds per iteration | Loss: 0.5826
[09-21 19:15:05|INFO|cosmos_framework/callbacks/iter_speed.py:75:every_n_impl] [RANK 0] 180 : iter_speed 8.57 seconds per iteration | Loss: 0.3509
[09-21 19:15:05|WARNING|cosmos_framework/callbacks/ofu.py:252:every_n_impl] OFUCallback: no nvidia-smi samples collected at iteration 180. Check that the dmon subprocess launched and that the mmaact column is present.
[09-21 19:15:12|INFO|cosmos_framework/callbacks/grad_clip.py:325:on_before_optimizer_step] [RANK 4] clip_grad_norm/video/global: 0.12354 (iteration 180)
[09-21 19:15:12|INFO|cosmos_framework/callbacks/grad_clip.py:325:on_before_optimizer_step] [RANK 1] clip_grad_norm/video/global: 0.12354 (iteration 180)
[09-21 19:15:12|INFO|cosmos_framework/callbacks/grad_clip.py:325:on_before_optimizer_step] [RANK 2] clip_grad_norm/video/global: 0.12354 (iteration 180)
[09-21 19:15:12|INFO|cosmos_framework/callbacks/grad_clip.py:325:on_before_optimizer_step] [RANK 6] clip_grad_norm/video/global: 0.12354 (iteration 180)
[09-21 19:15:12|INFO|cosmos_framework/callbacks/grad_clip.py:325:on_before_optimizer_step] [RANK 5] clip_grad_norm/video/global: 0.12354 (iteration 180)
[09-21 19:15:12|INFO|cosmos_framework/callbacks/grad_clip.py:325:on_before_optimizer_step] [RANK 7] clip_grad_norm/video/global: 0.12354 (iteration 180)
[09-21 19:15:12|INFO|cosmos_framework/callbacks/grad_clip.py:325:on_before_optimizer_step] [RANK 3] clip_grad_norm/video/global: 0.12354 (iteration 180)
[09-21 19:15:12|INFO|cosmos_framework/callbacks/grad_clip.py:325:on_before_optimizer_step] [RANK 0] clip_grad_norm/video/global: 0.12354 (iteration 180)
[09-21 19:15:12|INFO|cosmos_framework/callbacks/iter_speed.py:75:every_n_impl] [RANK 0] 181 : iter_speed 7.72 seconds per iteration | Loss: 0.4633
[09-21 19:15:15|INFO|cosmos_framework/callbacks/iter_speed.py:75:every_n_impl] [RANK 0] 182 : iter_speed 2.96 seconds per iteration | Loss: 0.3423
[09-21 19:15:18|INFO|cosmos_framework/callbacks/iter_speed.py:75:every_n_impl] [RANK 0] 183 : iter_speed 3.01 seconds per iteration | Loss: 0.2431
[09-21 19:15:27|INFO|cosmos_framework/callbacks/iter_speed.py:75:every_n_impl] [RANK 0] 184 : iter_speed 8.25 seconds per iteration | Loss: 0.2986
[09-21 19:15:34|INFO|cosmos_framework/callbacks/iter_speed.py:75:every_n_impl] [RANK 0] 185 : iter_speed 7.55 seconds per iteration | Loss: 0.3757
[09-21 19:15:37|INFO|cosmos_framework/callbacks/iter_speed.py:75:every_n_impl] [RANK 0] 186 : iter_speed 3.31 seconds per iteration | Loss: 0.8927
[09-21 19:15:40|INFO|cosmos_framework/callbacks/iter_speed.py:75:every_n_impl] [RANK 0] 187 : iter_speed 3.03 seconds per iteration | Loss: 0.2515
[09-21 19:15:49|INFO|cosmos_framework/callbacks/iter_speed.py:75:every_n_impl] [RANK 0] 188 : iter_speed 8.14 seconds per iteration | Loss: 0.2894
[09-21 19:15:56|INFO|cosmos_framework/callbacks/iter_speed.py:75:every_n_impl] [RANK 0] 189 : iter_speed 7.33 seconds per iteration | Loss: 0.7035
[09-21 19:16:00|INFO|cosmos_framework/callbacks/iter_speed.py:75:every_n_impl] [RANK 0] 190 : iter_speed 3.80 seconds per iteration | Loss: 0.2837
[09-21 19:16:00|WARNING|cosmos_framework/callbacks/ofu.py:252:every_n_impl] OFUCallback: no nvidia-smi samples collected at iteration 190. Check that the dmon subprocess launched and that the mmaact column is present.
[09-21 19:16:03|INFO|cosmos_framework/callbacks/grad_clip.py:325:on_before_optimizer_step] [RANK 5] clip_grad_norm/video/global: 0.11621 (iteration 190)
[09-21 19:16:03|INFO|cosmos_framework/callbacks/grad_clip.py:325:on_before_optimizer_step] [RANK 4] clip_grad_norm/video/global: 0.11621 (iteration 190)
[09-21 19:16:03|INFO|cosmos_framework/callbacks/grad_clip.py:325:on_before_optimizer_step] [RANK 6] clip_grad_norm/video/global: 0.11621 (iteration 190)
[09-21 19:16:03|INFO|cosmos_framework/callbacks/grad_clip.py:325:on_before_optimizer_step] [RANK 7] clip_grad_norm/video/global: 0.11621 (iteration 190)
[09-21 19:16:03|INFO|cosmos_framework/callbacks/grad_clip.py:325:on_before_optimizer_step] [RANK 0] clip_grad_norm/video/global: 0.11621 (iteration 190)
[09-21 19:16:03|INFO|cosmos_framework/callbacks/grad_clip.py:325:on_before_optimizer_step] [RANK 1] clip_grad_norm/video/global: 0.11621 (iteration 190)
[09-21 19:16:03|INFO|cosmos_framework/callbacks/grad_clip.py:325:on_before_optimizer_step] [RANK 3] clip_grad_norm/video/global: 0.11621 (iteration 190)
[09-21 19:16:03|INFO|cosmos_framework/callbacks/grad_clip.py:325:on_before_optimizer_step] [RANK 2] clip_grad_norm/video/global: 0.11621 (iteration 190)
[09-21 19:16:03|INFO|cosmos_framework/callbacks/iter_speed.py:75:every_n_impl] [RANK 0] 191 : iter_speed 2.96 seconds per iteration | Loss: 0.5708
[09-21 19:16:10|INFO|cosmos_framework/callbacks/iter_speed.py:75:every_n_impl] [RANK 0] 192 : iter_speed 7.83 seconds per iteration | Loss: 0.3208
[09-21 19:16:18|INFO|cosmos_framework/callbacks/iter_speed.py:75:every_n_impl] [RANK 0] 193 : iter_speed 7.44 seconds per iteration | Loss: 0.2453
[09-21 19:16:22|INFO|cosmos_framework/callbacks/iter_speed.py:75:every_n_impl] [RANK 0] 194 : iter_speed 3.99 seconds per iteration | Loss: 0.2703
[09-21 19:16:25|INFO|cosmos_framework/callbacks/iter_speed.py:75:every_n_impl] [RANK 0] 195 : iter_speed 2.98 seconds per iteration | Loss: 0.3457
[09-21 19:16:33|INFO|cosmos_framework/callbacks/iter_speed.py:75:every_n_impl] [RANK 0] 196 : iter_speed 7.62 seconds per iteration | Loss: 0.2455
[09-21 19:16:40|INFO|cosmos_framework/callbacks/iter_speed.py:75:every_n_impl] [RANK 0] 197 : iter_speed 7.26 seconds per iteration | Loss: 0.3586
[09-21 19:16:44|INFO|cosmos_framework/callbacks/iter_speed.py:75:every_n_impl] [RANK 0] 198 : iter_speed 4.37 seconds per iteration | Loss: 0.4146
[09-21 19:16:47|INFO|cosmos_framework/callbacks/iter_speed.py:75:every_n_impl] [RANK 0] 199 : iter_speed 3.05 seconds per iteration | Loss: 0.4835
[09-21 19:16:55|INFO|cosmos_framework/callbacks/iter_speed.py:75:every_n_impl] [RANK 0] 200 : iter_speed 7.53 seconds per iteration | Loss: 0.2630
[09-21 19:16:55|WARNING|cosmos_framework/callbacks/ofu.py:252:every_n_impl] OFUCallback: no nvidia-smi samples collected at iteration 200. Check that the dmon subprocess launched and that the mmaact column is present.
[09-21 19:16:55|INFO|cosmos_framework/callbacks/device_monitor.py:174:every_n_impl] DeviceMonitor Stats:
                                    Avg            Max           Min
cpu_mem_gb                    16.017301      16.664986     15.777554
peak_gpu_mem_gb               22.963092      22.966791     22.961561
peak_gpu_mem_reserved_gb      26.984863      27.095703     26.800781
nvml_used_gpu_mem_gb          28.990051      29.123352     28.859680
nvml_free_gpu_mem_gb          51.009949      51.140320     50.876648
temp                          53.500000      58.000000     49.000000
power                     207217.875000  395464.000000  96480.000000
util                          96.375000     100.000000     90.000000
clock                       1408.125000    1410.000000   1395.000000
/workspace/mnt/sqzhang26/zeva-work/envs/zeva/lib/python3.13/site-packages/torch/distributed/c10d_logger.py:83: UserWarning: barrier(): using the device under current context. You can specify `device_id` in `init_process_group` to mute this warning.
  return func(*args, **kwargs)
[09-21 19:17:01|INFO|cosmos_framework/callbacks/grad_clip.py:325:on_before_optimizer_step] [RANK 0] clip_grad_norm/video/global: 0.10938 (iteration 200)
[09-21 19:17:01|INFO|cosmos_framework/callbacks/grad_clip.py:325:on_before_optimizer_step] [RANK 4] clip_grad_norm/video/global: 0.10938 (iteration 200)
[09-21 19:17:01|INFO|cosmos_framework/callbacks/grad_clip.py:325:on_before_optimizer_step] [RANK 6] clip_grad_norm/video/global: 0.10938 (iteration 200)
[09-21 19:17:01|INFO|cosmos_framework/callbacks/grad_clip.py:325:on_before_optimizer_step] [RANK 5] clip_grad_norm/video/global: 0.10938 (iteration 200)
[09-21 19:17:01|INFO|cosmos_framework/callbacks/grad_clip.py:325:on_before_optimizer_step] [RANK 7] clip_grad_norm/video/global: 0.10938 (iteration 200)
[09-21 19:17:01|INFO|cosmos_framework/callbacks/grad_clip.py:325:on_before_optimizer_step] [RANK 3] clip_grad_norm/video/global: 0.10938 (iteration 200)
[09-21 19:17:01|INFO|cosmos_framework/callbacks/grad_clip.py:325:on_before_optimizer_step] [RANK 2] clip_grad_norm/video/global: 0.10938 (iteration 200)
[09-21 19:17:01|INFO|cosmos_framework/callbacks/grad_clip.py:325:on_before_optimizer_step] [RANK 1] clip_grad_norm/video/global: 0.10938 (iteration 200)
[09-21 19:17:02|INFO|cosmos_framework/callbacks/iter_speed.py:75:every_n_impl] [RANK 0] 201 : iter_speed 6.80 seconds per iteration | Loss: 0.9839
[09-21 19:17:06|INFO|cosmos_framework/callbacks/iter_speed.py:75:every_n_impl] [RANK 0] 202 : iter_speed 4.83 seconds per iteration | Loss: 0.3000
[09-21 19:17:09|INFO|cosmos_framework/callbacks/iter_speed.py:75:every_n_impl] [RANK 0] 203 : iter_speed 3.08 seconds per iteration | Loss: 0.3703
[09-21 19:17:17|INFO|cosmos_framework/callbacks/iter_speed.py:75:every_n_impl] [RANK 0] 204 : iter_speed 7.47 seconds per iteration | Loss: 0.3529
[09-21 19:17:23|INFO|cosmos_framework/callbacks/iter_speed.py:75:every_n_impl] [RANK 0] 205 : iter_speed 6.38 seconds per iteration | Loss: 0.3915
[09-21 19:17:28|INFO|cosmos_framework/callbacks/iter_speed.py:75:every_n_impl] [RANK 0] 206 : iter_speed 5.17 seconds per iteration | Loss: 0.2720
[09-21 19:17:31|INFO|cosmos_framework/callbacks/iter_speed.py:75:every_n_impl] [RANK 0] 207 : iter_speed 3.00 seconds per iteration | Loss: 0.2237
[09-21 19:17:39|INFO|cosmos_framework/callbacks/iter_speed.py:75:every_n_impl] [RANK 0] 208 : iter_speed 7.84 seconds per iteration | Loss: 0.5640
[09-21 19:17:45|INFO|cosmos_framework/callbacks/iter_speed.py:75:every_n_impl] [RANK 0] 209 : iter_speed 5.91 seconds per iteration | Loss: 0.4551
[09-21 19:17:51|INFO|cosmos_framework/callbacks/iter_speed.py:75:every_n_impl] [RANK 0] 210 : iter_speed 5.38 seconds per iteration | Loss: 0.9138
[09-21 19:17:51|WARNING|cosmos_framework/callbacks/ofu.py:252:every_n_impl] OFUCallback: no nvidia-smi samples collected at iteration 210. Check that the dmon subprocess launched and that the mmaact column is present.
[09-21 19:17:53|INFO|cosmos_framework/callbacks/grad_clip.py:325:on_before_optimizer_step] [RANK 7] clip_grad_norm/video/global: 0.11621 (iteration 210)
[09-21 19:17:53|INFO|cosmos_framework/callbacks/grad_clip.py:325:on_before_optimizer_step] [RANK 5] clip_grad_norm/video/global: 0.11621 (iteration 210)
[09-21 19:17:53|INFO|cosmos_framework/callbacks/grad_clip.py:325:on_before_optimizer_step] [RANK 6] clip_grad_norm/video/global: 0.11621 (iteration 210)
[09-21 19:17:53|INFO|cosmos_framework/callbacks/grad_clip.py:325:on_before_optimizer_step] [RANK 4] clip_grad_norm/video/global: 0.11621 (iteration 210)
[09-21 19:17:53|INFO|cosmos_framework/callbacks/grad_clip.py:325:on_before_optimizer_step] [RANK 0] clip_grad_norm/video/global: 0.11621 (iteration 210)
[09-21 19:17:53|INFO|cosmos_framework/callbacks/grad_clip.py:325:on_before_optimizer_step] [RANK 2] clip_grad_norm/video/global: 0.11621 (iteration 210)
[09-21 19:17:53|INFO|cosmos_framework/callbacks/grad_clip.py:325:on_before_optimizer_step] [RANK 3] clip_grad_norm/video/global: 0.11621 (iteration 210)
[09-21 19:17:53|INFO|cosmos_framework/callbacks/grad_clip.py:325:on_before_optimizer_step] [RANK 1] clip_grad_norm/video/global: 0.11621 (iteration 210)
[09-21 19:17:54|INFO|cosmos_framework/callbacks/iter_speed.py:75:every_n_impl] [RANK 0] 211 : iter_speed 2.94 seconds per iteration | Loss: 0.2820
[09-21 19:18:02|INFO|cosmos_framework/callbacks/iter_speed.py:75:every_n_impl] [RANK 0] 212 : iter_speed 7.97 seconds per iteration | Loss: 0.2398
[09-21 19:18:07|INFO|cosmos_framework/callbacks/iter_speed.py:75:every_n_impl] [RANK 0] 213 : iter_speed 5.63 seconds per iteration | Loss: 0.2728
[09-21 19:18:13|INFO|cosmos_framework/callbacks/iter_speed.py:75:every_n_impl] [RANK 0] 214 : iter_speed 5.45 seconds per iteration | Loss: 0.7011
[09-21 19:18:16|INFO|cosmos_framework/callbacks/iter_speed.py:75:every_n_impl] [RANK 0] 215 : iter_speed 3.02 seconds per iteration | Loss: 0.2607
[09-21 19:18:24|INFO|cosmos_framework/callbacks/iter_speed.py:75:every_n_impl] [RANK 0] 216 : iter_speed 8.18 seconds per iteration | Loss: 0.3584
[09-21 19:18:29|INFO|cosmos_framework/callbacks/iter_speed.py:75:every_n_impl] [RANK 0] 217 : iter_speed 5.23 seconds per iteration | Loss: 0.3634
[09-21 19:18:35|INFO|cosmos_framework/callbacks/iter_speed.py:75:every_n_impl] [RANK 0] 218 : iter_speed 5.56 seconds per iteration | Loss: 0.3479
[09-21 19:18:38|INFO|cosmos_framework/callbacks/iter_speed.py:75:every_n_impl] [RANK 0] 219 : iter_speed 3.03 seconds per iteration | Loss: 0.2754
[09-21 19:18:46|INFO|cosmos_framework/callbacks/iter_speed.py:75:every_n_impl] [RANK 0] 220 : iter_speed 8.41 seconds per iteration | Loss: 0.4018
[09-21 19:18:46|WARNING|cosmos_framework/callbacks/ofu.py:252:every_n_impl] OFUCallback: no nvidia-smi samples collected at iteration 220. Check that the dmon subprocess launched and that the mmaact column is present.
[09-21 19:18:51|INFO|cosmos_framework/callbacks/grad_clip.py:325:on_before_optimizer_step] [RANK 0] clip_grad_norm/video/global: 0.13770 (iteration 220)
[09-21 19:18:51|INFO|cosmos_framework/callbacks/grad_clip.py:325:on_before_optimizer_step] [RANK 2] clip_grad_norm/video/global: 0.13770 (iteration 220)
[09-21 19:18:51|INFO|cosmos_framework/callbacks/grad_clip.py:325:on_before_optimizer_step] [RANK 3] clip_grad_norm/video/global: 0.13770 (iteration 220)
[09-21 19:18:51|INFO|cosmos_framework/callbacks/grad_clip.py:325:on_before_optimizer_step] [RANK 6] clip_grad_norm/video/global: 0.13770 (iteration 220)
[09-21 19:18:51|INFO|cosmos_framework/callbacks/grad_clip.py:325:on_before_optimizer_step] [RANK 1] clip_grad_norm/video/global: 0.13770 (iteration 220)
[09-21 19:18:51|INFO|cosmos_framework/callbacks/grad_clip.py:325:on_before_optimizer_step] [RANK 4] clip_grad_norm/video/global: 0.13770 (iteration 220)
[09-21 19:18:51|INFO|cosmos_framework/callbacks/grad_clip.py:325:on_before_optimizer_step] [RANK 5] clip_grad_norm/video/global: 0.13770 (iteration 220)
[09-21 19:18:51|INFO|cosmos_framework/callbacks/grad_clip.py:325:on_before_optimizer_step] [RANK 7] clip_grad_norm/video/global: 0.13770 (iteration 220)
[09-21 19:18:51|INFO|cosmos_framework/callbacks/iter_speed.py:75:every_n_impl] [RANK 0] 221 : iter_speed 4.88 seconds per iteration | Loss: 0.4493
[09-21 19:18:57|INFO|cosmos_framework/callbacks/iter_speed.py:75:every_n_impl] [RANK 0] 222 : iter_speed 6.14 seconds per iteration | Loss: 0.5666
[09-21 19:19:00|INFO|cosmos_framework/callbacks/iter_speed.py:75:every_n_impl] [RANK 0] 223 : iter_speed 3.06 seconds per iteration | Loss: 0.4175
[09-21 19:19:08|INFO|cosmos_framework/callbacks/iter_speed.py:75:every_n_impl] [RANK 0] 224 : iter_speed 8.04 seconds per iteration | Loss: 1.2408
